,id,place,speedrun_link,submitted_date,primary_time_seconds,real_time_seconds,player_id,player_name,player_country,platform,verified
0,yol5kxjy,1,https://www.speedrun.com/sm64/run/yol5kxjy,2023-03-23T06:20:48Z,875.5,875.5,jn32931x,Suigi,Canada,N64,Yes
1,zppddvxz,2,https://www.speedrun.com/sm64/run/zppddvxz,2023-11-25T16:02:09Z,881.21,881.21,1xypyovx,Slipperynip,United States,N64,Yes
2,me0pw13z,3,https://www.speedrun.com/sm64/run/me0pw13z,2024-01-18T12:05:31Z,885.21,885.21,kjprmwk8,Weegee,United States,N64,Yes
3,y60jnn0y,4,https://www.speedrun.com/sm64/run/y60jnn0y,2022-07-06T19:10:40Z,892.0,892.0,x353dr7j,Finnii602,Germany,VC,Yes
4,ywj1gg9z,5,https://www.speedrun.com/sm64/run/ywj1gg9z,2021-12-09T16:44:16Z,895.81,895.81,kj92gmv8,Dowsky,United States,N64,Yes
5,z1qollry,6,https://www.speedrun.com/sm64/run/z1qollry,2023-01-03T04:27:48Z,895.9,895.9,48g979rx,GTM,Antarctica,N64,Yes
6,ydne25xm,7,https://www.speedrun.com/sm64/run/ydne25xm,2024-04-03T19:54:11Z,895.94,895.94,j2www16j,treybordo,United States,N64,Yes
7,m7w9p0ez,8,https://www.speedrun.com/sm64/run/m7w9p0ez,2021-12-06T01:20:55Z,896.22,896.22,7j40gpw8,KANNO,,N64,Yes
8,mkv9n63y,9,https://www.speedrun.com/sm64/run/mkv9n63y,2022-12-16T23:55:34Z,896.33,896.33,8vkrw22j,Tag609,United States,N64,Yes
9,y86rxp5m,10,https://www.speedrun.com/sm64/run/y86rxp5m,2023-05-29T17:17:59Z,897.46,897.46,e8evzg7x,gamiru,Japan,N64,Yes
10,yv8qgoom,11,https://www.speedrun.com/sm64/run/yv8qgoom,2023-01-23T23:25:36Z,898.0,898.0,jmolpwo8,Raisn,Germany,EMU,Yes
11,znv35k3m,12,https://www.speedrun.com/sm64/run/znv35k3m,2023-05-31T13:30:57Z,898.1,898.1,jpmk03yj,Zapy,Japan,N64,Yes
12,znko377z,13,https://www.speedrun.com/sm64/run/znko377z,2020-05-10T08:36:48Z,899.33,899.33,0jml0zy8,akki,Japan,N64,Yes
13,mr20o6dy,14,https://www.speedrun.com/sm64/run/mr20o6dy,2024-01-05T22:10:02Z,904.73,904.73,7j4mzd5j,Thomkar,Norway,N64,Yes
14,y8kojlwy,15,https://www.speedrun.com/sm64/run/y8kojlwy,2024-01-05T05:58:14Z,906.73,906.73,qj2rklpx,cjrokokomero,Italy,N64,Yes
15,zpw506ry,16,https://www.speedrun.com/sm64/run/zpw506ry,2023-08-08T21:52:14Z,908.63,908.63,j4rpn7d8,Nils,Sweden,N64,Yes
16,m36394wm,17,https://www.speedrun.com/sm64/run/m36394wm,2022-01-18T20:20:29Z,909.0,909.0,8wlk4n4j,Kaimatix,England,EMU,Yes
17,y98l6wkz,17,https://www.speedrun.com/sm64/run/y98l6wkz,2023-06-22T16:13:52Z,909.0,909.0,o86vrqpj,Joshua_iz_drunk,Ireland,EMU,Yes
18,zgqk9l0y,19,https://www.speedrun.com/sm64/run/zgqk9l0y,2022-08-11T13:53:17Z,910.0,910.0,xyrqdwmj,Zhilkan,Spain,EMU,Yes
19,z5e31vnz,20,https://www.speedrun.com/sm64/run/z5e31vnz,2022-12-31T14:24:09Z,910.04,910.04,8wkzer38,Parsee02,Japan,N64,Yes
20,y8kw311y,21,https://www.speedrun.com/sm64/run/y8kw311y,2023-12-21T05:41:06Z,911.31,911.31,18q652oj,Poke,United States,N64,Yes
21,y8kgv4ny,22,https://www.speedrun.com/sm64/run/y8kgv4ny,2024-01-10T06:48:04Z,911.87,911.87,qxkqkmmx,xandrey64,Costa Rica,N64,No
22,y4kk6knm,23,https://www.speedrun.com/sm64/run/y4kk6knm,2023-12-18T22:22:19Z,912.0,912.0,kj9z6pn8,Sunnard,France,EMU,Yes
23,yojl4j5m,24,https://www.speedrun.com/sm64/run/yojl4j5m,2019-10-28T08:42:20Z,912.67,912.67,5j52dgqj,lunarjump,United States,N64,Yes
24,z1p04l9z,25,https://www.speedrun.com/sm64/run/z1p04l9z,2022-07-17T17:59:23Z,913.66,913.66,v814mkp8,cheese,Spain,N64,Yes
25,m7x80r4y,26,https://www.speedrun.com/sm64/run/m7x80r4y,2022-08-21T17:24:28Z,913.83,913.83,18v62qyx,Benji64,Austria,N64,Yes
26,yvp9176y,27,https://www.speedrun.com/sm64/run/yvp9176y,2023-05-28T18:09:06Z,914.03,914.03,zxzn3w9x,spener1122,Canada,N64,Yes
27,zx6jr85z,28,https://www.speedrun.com/sm64/run/zx6jr85z,2021-03-17T16:49:20Z,916.0,916.0,1xy9p1vj,taihou,Japan,EMU,Yes
28,y9kklkez,29,https://www.speedrun.com/sm64/run/y9kklkez,2023-12-17T08:07:38Z,916.3,916.3,86nnlvqx,Banova8,France,N64,Yes
29,me10ww3y,30,https://www.speedrun.com/sm64/run/me10ww3y,2022-09-28T06:07:24Z,916.78,916.78,8qzmp678,Jaybomb,United States,N64,Yes
30,znj8v1vm,31,https://www.speedrun.com/sm64/run/znj8v1vm,2022-12-06T07:15:01Z,917.88,917.88,81611olx,phyxius6,United States,N64,Yes
31,y81vwdnz,32,https://www.speedrun.com/sm64/run/y81vwdnz,2019-08-09T04:56:58Z,918.0,918.0,48gqo07j,darkdog47,United States,VC,Yes
32,mkkp5lvm,32,https://www.speedrun.com/sm64/run/mkkp5lvm,2022-06-23T06:04:14Z,918.0,918.0,jo2mr9n8,marlene,,N64,Yes
33,mk90d41z,34,https://www.speedrun.com/sm64/run/mk90d41z,2018-12-14T09:48:21Z,918.05,918.05,zxzk1q9x,ikori_o,Japan,N64,Yes
34,y23o4v5m,35,https://www.speedrun.com/sm64/run/y23o4v5m,2018-05-03T11:10:23Z,919.55,919.55,98r61l38,YuraMofu,Japan,N64,Yes
35,yj8jnodm,36,https://www.speedrun.com/sm64/run/yj8jnodm,2022-12-02T03:46:32Z,919.86,919.86,dx35192j,Dezanig,Brazil,N64,Yes
36,zpd7w2vz,37,https://www.speedrun.com/sm64/run/zpd7w2vz,2022-11-23T17:48:23Z,920.31,920.31,j0nmelr8,carrickdan,Ireland,N64,Yes
37,yj508ldm,38,https://www.speedrun.com/sm64/run/yj508ldm,2021-11-21T04:47:26Z,921.33,921.33,zxze2zex,Flixer,United States,N64,Yes
38,zqdvn1rm,39,https://www.speedrun.com/sm64/run/zqdvn1rm,2023-11-05T01:48:59Z,922.0,922.0,j0324nmj,MrDasho,Ecuador,EMU,Yes
39,z52pd7gz,40,https://www.speedrun.com/sm64/run/z52pd7gz,2022-06-13T22:35:39Z,922.81,922.81,dx3wpl2j,MrJimmysteel25,United States,N64,Yes
40,8m72x69z,41,https://www.speedrun.com/sm64/run/8m72x69z,2016-05-07T15:56:01Z,924.33,924.33,o866w58z,Xiah,Japan,N64,Yes
41,m33e8dqm,42,https://www.speedrun.com/sm64/run/m33e8dqm,2022-07-28T15:21:05Z,925.52,925.52,j2ylqn68,Karin,Japan,N64,Yes
42,mrv2odgz,43,https://www.speedrun.com/sm64/run/mrv2odgz,2024-05-10T02:12:52Z,926.0,926.0,zxzqlnrx,Cysse,Nauru,EMU,Yes
43,yjx2rrdz,44,https://www.speedrun.com/sm64/run/yjx2rrdz,2022-02-05T16:33:22Z,926.4,926.4,qj2y1r68,JJsrl,United States,N64,Yes
44,zg21rxey,45,https://www.speedrun.com/sm64/run/zg21rxey,2023-03-30T17:12:16Z,927.0,927.0,jnz2ykqj,ShaDowSPoweR,France,EMU,Yes
45,m733v75y,46,https://www.speedrun.com/sm64/run/m733v75y,2023-12-19T23:30:16Z,927.28,927.28,x35d1dqj,mystic400,Norway,N64,Yes
46,zg887xey,47,https://www.speedrun.com/sm64/run/zg887xey,2023-12-15T04:01:38Z,927.38,927.38,pj0l653j,FailmanFlo,Germany,N64,Yes
47,mex90e3z,48,https://www.speedrun.com/sm64/run/mex90e3z,2019-08-08T20:38:47Z,927.92,927.92,1xyldrvj,anti,,N64,Yes
48,zpd66wgz,49,https://www.speedrun.com/sm64/run/zpd66wgz,2022-10-03T12:00:54Z,928.0,928.0,xkmnnmmj,ZUMMI,Italy,EMU,Yes
49,ywn3o83y,50,https://www.speedrun.com/sm64/run/ywn3o83y,2023-11-20T08:08:49Z,928.25,928.25,8vkqwknj,GroundPoundGary,United States,N64,Yes
50,mexek9qz,51,https://www.speedrun.com/sm64/run/mexek9qz,2019-10-28T12:26:41Z,928.83,928.83,o862d3xz,Biinny,England,N64,Yes
51,mk2jrdlm,52,https://www.speedrun.com/sm64/run/mk2jrdlm,2020-03-21T06:51:31Z,929.0,929.0,dx35yzej,TriforceTK,United States,EMU,Yes
52,zgl8o4em,53,https://www.speedrun.com/sm64/run/zgl8o4em,2024-05-10T23:12:22Z,929.03,929.03,98rl4w38,HorrorDoesSpeedRuns,United States,N64,Yes
53,pm3g2g6z,54,https://www.speedrun.com/sm64/run/pm3g2g6z,2015-07-30T06:58:05Z,929.36,929.36,,,,N64,Yes
54,zp90dprm,55,https://www.speedrun.com/sm64/run/zp90dprm,2022-04-17T05:42:09Z,929.83,929.83,v8lgdovj,Drac,Brazil,N64,Yes
55,mr4p3e7z,56,https://www.speedrun.com/sm64/run/mr4p3e7z,2021-04-01T22:49:08Z,930.0,930.0,98r294wx,CapnSR,Canada,VC,Yes
56,z1rkonrm,57,https://www.speedrun.com/sm64/run/z1rkonrm,2021-06-13T19:38:18Z,930.16,930.16,zx76v0j7,Taggo,Sweden,N64,Yes
57,zx6x8eqz,58,https://www.speedrun.com/sm64/run/zx6x8eqz,2021-03-12T03:26:22Z,930.33,930.33,x354692j,manxmud,United States,N64,Yes
58,ywnk7lpy,59,https://www.speedrun.com/sm64/run/ywnk7lpy,2023-11-05T15:46:00Z,930.4,930.4,0jmo9zn8,Redmoss,United States,N64,Yes
59,z58e8nnz,60,https://www.speedrun.com/sm64/run/z58e8nnz,2024-04-29T08:00:20Z,931.0,931.0,jm3lqln8,Mauir,Chile,EMU,Yes
60,z0jo824y,61,https://www.speedrun.com/sm64/run/z0jo824y,2023-06-23T15:59:33Z,931.36,931.36,8vo90m5x,Nicolascs83,Spain,N64,Yes
61,zxo5j98z,62,https://www.speedrun.com/sm64/run/zxo5j98z,2021-11-05T02:38:48Z,931.56,931.56,qxk4wo6j,saksdal,United States,N64,Yes
62,yvvddv6y,63,https://www.speedrun.com/sm64/run/yvvddv6y,2024-02-06T00:04:35Z,932.0,932.0,v816eo5x,Soda,,VC,Yes
63,m7d3r6wm,64,https://www.speedrun.com/sm64/run/m7d3r6wm,2021-06-16T14:55:34Z,932.06,932.06,kjpqy9yx,Gainai,Germany,N64,Yes
64,m3l40vgm,64,https://www.speedrun.com/sm64/run/m3l40vgm,2023-04-08T02:03:32Z,932.06,932.06,x35rvpkj,Scythamer,United States,N64,Yes
65,yvqnk1em,66,https://www.speedrun.com/sm64/run/yvqnk1em,2022-02-26T17:59:24Z,932.63,932.63,0jm36qe8,Xein64,Germany,N64,Yes
66,y25dx8jy,67,https://www.speedrun.com/sm64/run/y25dx8jy,2020-05-03T13:46:58Z,933.13,933.13,zxzpz50j,Fafel,Japan,N64,Yes
67,y6vl5p0m,68,https://www.speedrun.com/sm64/run/y6vl5p0m,2024-03-02T01:09:02Z,933.35,933.35,18q6977j,Burnito,France,N64,Yes
68,zgqq7o0y,69,https://www.speedrun.com/sm64/run/zgqq7o0y,2022-09-09T17:14:00Z,933.43,933.43,kjpqrr4x,Goldrush,Japan,N64,Yes
69,z07xvv9y,70,https://www.speedrun.com/sm64/run/z07xvv9y,2021-10-07T23:17:32Z,933.99,933.99,o86nzl0x,Xoofey,United States,N64,Yes
70,z0xlo2oz,71,https://www.speedrun.com/sm64/run/z0xlo2oz,2023-11-25T00:00:29Z,934.0,934.0,8e6k1loj,PhoenixAUS,,VC,Yes
71,y2go7kjz,72,https://www.speedrun.com/sm64/run/y2go7kjz,2023-08-27T13:57:24Z,934.76,934.76,68wwn48g,Mitagi,Japan,N64,Yes
72,yl4p552m,73,https://www.speedrun.com/sm64/run/yl4p552m,2019-02-14T09:58:12Z,935.0,935.0,5j5v2nz8,Shans,Australia,EMU,Yes
73,y807wv1m,73,https://www.speedrun.com/sm64/run/y807wv1m,2023-04-14T03:58:18Z,935.0,935.0,98rky4qx,BigCheese,United States,VC,Yes
74,mk0qed1z,75,https://www.speedrun.com/sm64/run/mk0qed1z,2023-07-16T23:57:21Z,935.98,935.98,8w139m3x,oatslice,Australia,N64,Yes
75,z5xn4n5y,76,https://www.speedrun.com/sm64/run/z5xn4n5y,2022-11-06T17:49:38Z,936.0,936.0,zx7dz1vx,AlejoWasHere,Spain,EMU,Yes
76,y9v57xkm,77,https://www.speedrun.com/sm64/run/y9v57xkm,2022-04-20T19:47:59Z,937.0,937.0,48g7gd18,jepega,Netherlands,VC,Yes
77,dy4e0eqm,78,https://www.speedrun.com/sm64/run/dy4e0eqm,2015-07-30T06:59:18Z,937.56,937.56,kj9lkowj,batora,Japan,N64,Yes
78,zq0wn01y,79,https://www.speedrun.com/sm64/run/zq0wn01y,2021-12-26T09:10:08Z,937.67,937.67,1xyd46wx,Kally,United States,N64,Yes
79,y8jljkwz,80,https://www.speedrun.com/sm64/run/y8jljkwz,2022-03-12T19:45:18Z,937.98,937.98,x35wo52j,2porridge,United States,N64,No
80,y8e1kdwy,81,https://www.speedrun.com/sm64/run/y8e1kdwy,2021-08-10T15:34:12Z,938.0,938.0,xz9z40r8,zMatt_,Italy,EMU,Yes
81,yo0je3dy,81,https://www.speedrun.com/sm64/run/yo0je3dy,2024-03-05T17:40:08Z,938.0,938.0,81q1oq5j,Ian_1243,Peru,EMU,Yes
82,me3kx98z,83,https://www.speedrun.com/sm64/run/me3kx98z,2022-04-09T17:10:45Z,938.28,938.28,x359w0kj,mickyyyr,Australia,N64,Yes
83,yl72o8rm,84,https://www.speedrun.com/sm64/run/yl72o8rm,2022-07-15T00:44:25Z,939.0,939.0,8rpv21dj,ZeusSM64,New Zealand,EMU,No
84,z1lp2jjm,85,https://www.speedrun.com/sm64/run/z1lp2jjm,2023-06-26T23:58:20Z,939.06,939.06,18vk21yj,Tabascoth,Austria,N64,Yes
85,y9jxdnrm,86,https://www.speedrun.com/sm64/run/y9jxdnrm,2024-04-23T02:47:11Z,939.17,939.17,8v21mo5j,rawvrt,United States,N64,Yes
86,y8jknj5z,87,https://www.speedrun.com/sm64/run/y8jknj5z,2022-02-10T18:42:38Z,939.2,939.2,8gee7n7j,LxqZach,Germany,N64,Yes
87,y4652w2z,88,https://www.speedrun.com/sm64/run/y4652w2z,2024-02-19T14:01:38Z,939.67,939.67,1xy05zjr,turara32767,Japan,N64,Yes
88,zn75v48m,89,https://www.speedrun.com/sm64/run/zn75v48m,2022-03-07T17:53:00Z,941.57,941.57,v81ddq38,Smau,Finland,N64,Yes
89,zn4kk07m,90,https://www.speedrun.com/sm64/run/zn4kk07m,2018-07-24T19:00:10Z,942.0,942.0,98rp5e6j,Paracusia,Australia,EMU,Yes
90,ywr1g1pm,90,https://www.speedrun.com/sm64/run/ywr1g1pm,2023-05-03T21:26:03Z,942.0,942.0,8g51pypj,LinuxHater,Spain,EMU,Yes
91,z0jpxw9y,90,https://www.speedrun.com/sm64/run/z0jpxw9y,2023-06-28T00:13:50Z,942.0,942.0,8v5253yj,taciturn,United States,EMU,Yes
92,ywrok59m,93,https://www.speedrun.com/sm64/run/ywrok59m,2023-08-16T00:13:02Z,942.06,942.06,j5wo65gj,Blahaj64,Canada,N64,Yes
93,me3pl02z,94,https://www.speedrun.com/sm64/run/me3pl02z,2022-07-11T18:23:28Z,942.64,942.64,y8dz54gj,Maosfx,United States,N64,Yes
94,yvowlo8z,95,https://www.speedrun.com/sm64/run/yvowlo8z,2021-11-27T16:15:40Z,942.83,942.83,dx394zkx,max25,England,N64,Yes
95,m78k20wz,96,https://www.speedrun.com/sm64/run/m78k20wz,2021-04-04T00:49:24Z,943.0,943.0,pj0o24rj,Aleph64,Germany,VC,Yes
96,zq86k95z,96,https://www.speedrun.com/sm64/run/zq86k95z,2024-02-18T03:31:07Z,943.0,943.0,x72zygq8,Avasion,United States,EMU,Yes
97,y2kjk1jy,98,https://www.speedrun.com/sm64/run/y2kjk1jy,2023-12-02T16:32:16Z,943.1,943.1,,,,N64,Yes
98,ywn1eg0y,99,https://www.speedrun.com/sm64/run/ywn1eg0y,2023-09-11T21:56:36Z,943.33,943.33,j2636gox,smc_,Scotland,N64,Yes
99,mel4d83z,100,https://www.speedrun.com/sm64/run/mel4d83z,2023-06-18T17:05:29Z,944.51,944.51,8gee0n2j,Doginator,United States,N64,Yes
100,m3kxxrqy,101,https://www.speedrun.com/sm64/run/m3kxxrqy,2023-11-25T12:15:05Z,944.97,944.97,xzlelze8,xWicko,Australia,N64,Yes
101,m30wopwm,102,https://www.speedrun.com/sm64/run/m30wopwm,2024-05-25T10:24:32Z,945.18,945.18,8d4ywn58,vitroncio,Brazil,N64,Yes
102,2yww50y4,103,https://www.speedrun.com/sm64/run/2yww50y4,,946.0,946.0,e8eepzo8,alextolio,Greece,VC,Yes
103,y629196z,103,https://www.speedrun.com/sm64/run/y629196z,2023-06-19T04:27:20Z,946.0,946.0,xk31v928,Dude095,United States,EMU,Yes
104,y461rjnz,103,https://www.speedrun.com/sm64/run/y461rjnz,2024-03-02T23:06:07Z,946.0,946.0,x7qqopy8,Kudo,France,VC,Yes
105,mrvv8o8z,103,https://www.speedrun.com/sm64/run/mrvv8o8z,2024-05-13T08:43:10Z,946.0,946.0,8enge328,BenedictFleur123,Netherlands,EMU,Yes
106,y4809eqm,107,https://www.speedrun.com/sm64/run/y4809eqm,2022-03-05T02:30:40Z,946.64,946.64,qxkovg98,gohanie,Japan,N64,Yes
107,z1lgk47m,108,https://www.speedrun.com/sm64/run/z1lgk47m,2023-07-03T07:38:47Z,946.81,946.81,jm392d48,k8ehops,United States,N64,Yes
108,znv85g9m,109,https://www.speedrun.com/sm64/run/znv85g9m,2023-05-05T09:12:42Z,947.0,947.0,jnzgrmwj,CyanogenSm64,Uzbekistan,VC,No
109,mew0q3qm,109,https://www.speedrun.com/sm64/run/mew0q3qm,2024-05-12T05:51:49Z,947.0,947.0,8e6vr17j,piegolds,Australia,EMU,Yes
110,y2poq0wz,111,https://www.speedrun.com/sm64/run/y2poq0wz,2022-07-22T06:38:39Z,947.4,947.4,j4rg3z58,CheesyLeech,United States,N64,Yes
111,yo4rk57m,112,https://www.speedrun.com/sm64/run/yo4rk57m,2017-09-27T17:10:41Z,947.94,947.94,qxk45r6j,hokorobi,Japan,N64,Yes
112,m7377g5y,113,https://www.speedrun.com/sm64/run/m7377g5y,2023-11-01T00:32:16Z,948.0,948.0,xk4zke6j,ElDeve,Argentina,EMU,No
113,zxw3k25m,113,https://www.speedrun.com/sm64/run/zxw3k25m,2023-12-07T10:06:10Z,948.0,948.0,8w1rr94x,sanj,Canada,EMU,Yes
114,me0dr38z,115,https://www.speedrun.com/sm64/run/me0dr38z,2024-01-25T22:21:19Z,948.15,948.15,8r2w1n3x,Kinosura,France,N64,Yes
115,z0pgrw9y,116,https://www.speedrun.com/sm64/run/z0pgrw9y,2022-07-23T01:26:57Z,948.16,948.16,qjnel1dj,Zoro64,Germany,N64,Yes
116,y8wdk9dy,117,https://www.speedrun.com/sm64/run/y8wdk9dy,2024-03-28T22:47:17Z,948.23,948.23,8e6qyddj,Salemba,Austria,N64,Yes
117,y9vxo2km,118,https://www.speedrun.com/sm64/run/y9vxo2km,2022-06-02T01:02:03Z,948.24,948.24,qj2w3rpj,BlueBob,Canada,N64,Yes
118,mk504lxm,119,https://www.speedrun.com/sm64/run/mk504lxm,2021-09-26T13:45:38Z,949.0,949.0,kjp9p28q,Sigotu,Poland,EMU,Yes
119,zp201d8y,119,https://www.speedrun.com/sm64/run/zp201d8y,2021-12-13T04:26:19Z,949.0,949.0,7j4drzdj,AppleJuice,United States,EMU,Yes
120,m7p2vgwm,121,https://www.speedrun.com/sm64/run/m7p2vgwm,2018-12-02T12:46:49Z,949.1,949.1,qjn77418,sorichi,Japan,N64,Yes
121,zx7go35y,122,https://www.speedrun.com/sm64/run/zx7go35y,2022-05-15T04:24:40Z,949.11,949.11,kj90merj,FinW,,N64,Yes
122,ywjw96pz,123,https://www.speedrun.com/sm64/run/ywjw96pz,2022-02-26T23:00:28Z,949.23,949.23,qj21mo8k,CartoonBuffoon,,N64,Yes
123,zxw7qw8m,124,https://www.speedrun.com/sm64/run/zxw7qw8m,2023-11-19T01:40:28Z,949.46,949.46,48gyq9p8,Shyanji,Brazil,N64,Yes
124,m7348owy,125,https://www.speedrun.com/sm64/run/m7348owy,2024-01-27T15:45:05Z,949.53,949.53,18qowewj,Majoog,South Korea,N64,Yes
125,zx8440em,126,https://www.speedrun.com/sm64/run/zx8440em,2022-08-05T15:07:10Z,949.6,949.6,8qz5qoq8,BizzareScape,Mexico,N64,Yes
126,meej2x0m,127,https://www.speedrun.com/sm64/run/meej2x0m,2023-01-27T20:41:36Z,949.63,949.63,j0n10kw8,jaquarium,United States,N64,Yes
127,y2290r6y,128,https://www.speedrun.com/sm64/run/y2290r6y,2024-02-15T00:45:42Z,950.0,950.0,pj0eny48,scoagogo,Northern Ireland,EMU,Yes
128,z5vwj15m,129,https://www.speedrun.com/sm64/run/z5vwj15m,2022-02-28T01:39:38Z,950.01,950.01,8qrgozwj,Oxelput,Germany,N64,Yes
129,m3qlp4wy,130,https://www.speedrun.com/sm64/run/m3qlp4wy,2023-07-09T22:10:22Z,950.13,950.13,8r7412qj,Rynnoo,United States,N64,Yes
130,znqr4w9z,131,https://www.speedrun.com/sm64/run/znqr4w9z,2022-08-08T15:14:24Z,950.5,950.5,jpov2508,nonnn,Japan,N64,Yes
131,zxwpe1em,132,https://www.speedrun.com/sm64/run/zxwpe1em,2024-01-26T01:17:07Z,951.0,951.0,jn3gwmqx,Roseatia,England,EMU,Yes
132,ydn283jm,133,https://www.speedrun.com/sm64/run/ydn283jm,2024-05-06T22:55:22Z,951.08,951.08,xz0e5qe8,EddieMathews,United States,N64,Yes
133,zg7ol5vz,134,https://www.speedrun.com/sm64/run/zg7ol5vz,2019-01-29T20:32:35Z,951.11,951.11,zx7gnyx7,Dwhatever,Germany,N64,Yes
134,m70wpp0y,135,https://www.speedrun.com/sm64/run/m70wpp0y,2023-06-19T23:47:39Z,951.31,951.31,j96ww5vj,asandal,United States,N64,Yes
135,mel95k9z,136,https://www.speedrun.com/sm64/run/mel95k9z,2023-06-07T07:44:18Z,951.68,951.68,j4r5lm58,Dorious,Australia,N64,Yes
136,y8112r1z,137,https://www.speedrun.com/sm64/run/y8112r1z,2019-06-26T07:15:02Z,952.0,952.0,qxkg359j,AdamFerrari,United States,VC,Yes
137,yoj74ojm,137,https://www.speedrun.com/sm64/run/yoj74ojm,2019-08-14T23:34:02Z,952.0,952.0,7j47lplj,dumpdome64,United States,EMU,Yes
138,yj8krpdm,137,https://www.speedrun.com/sm64/run/yj8krpdm,2022-12-08T17:03:24Z,952.0,952.0,jn2zwo1j,Alessiow,Italy,EMU,No
139,ydnqkvvm,140,https://www.speedrun.com/sm64/run/ydnqkvvm,2024-02-23T20:06:28Z,952.25,952.25,xzld0398,Xx_Mario_xX,Japan,N64,No
140,y804wr5m,141,https://www.speedrun.com/sm64/run/y804wr5m,2023-04-07T23:13:24Z,952.31,952.31,8q316z7j,dista,United States,N64,Yes
141,yw02nlpm,142,https://www.speedrun.com/sm64/run/yw02nlpm,2021-03-20T14:00:53Z,952.35,952.35,18q3zwqj,Dekudude,England,N64,Yes
142,z0xl738z,143,https://www.speedrun.com/sm64/run/z0xl738z,2023-11-24T13:46:48Z,952.43,952.43,8vkkkz5j,haruto701,Japan,N64,Yes
143,z5p6jdjm,144,https://www.speedrun.com/sm64/run/z5p6jdjm,2023-08-09T09:14:24Z,952.46,952.46,jp4q645j,GoodGrieth,,N64,Yes
144,y960o1vy,145,https://www.speedrun.com/sm64/run/y960o1vy,2022-12-24T11:11:00Z,952.48,952.48,x7w7vor8,jokehow,United States,N64,Yes
145,y27n149z,146,https://www.speedrun.com/sm64/run/y27n149z,2021-10-21T02:34:31Z,952.71,952.71,kjpoery8,Falcon,Canada,N64,Yes
146,ywren80m,147,https://www.speedrun.com/sm64/run/ywren80m,2023-04-27T12:29:56Z,953.0,953.0,863w7qw8,sakoi,Japan,N64,No
147,y86r00nm,147,https://www.speedrun.com/sm64/run/y86r00nm,2023-05-29T21:46:27Z,953.0,953.0,8r2oq5dx,EdgySM64,Brazil,EMU,Yes
148,z19n49rm,147,https://www.speedrun.com/sm64/run/z19n49rm,2024-05-23T22:14:44Z,953.0,953.0,jo3w720j,JumboJolt,Antarctica,EMU,Yes
149,z18wnkjy,150,https://www.speedrun.com/sm64/run/z18wnkjy,2021-04-08T14:29:14Z,953.25,953.25,qjned9qj,tami,Japan,N64,Yes
150,mk023vvz,151,https://www.speedrun.com/sm64/run/mk023vvz,2023-05-14T12:10:17Z,953.33,953.33,zx7gw1rx,Invisible_hole,United States,N64,Yes
151,ydg4rrvy,152,https://www.speedrun.com/sm64/run/ydg4rrvy,2023-03-18T07:26:17Z,954.0,954.0,jprd33y8,DreweySR,United States,EMU,Yes
152,y86q0q1m,152,https://www.speedrun.com/sm64/run/y86q0q1m,2023-05-02T23:10:25Z,954.0,954.0,jmpp51ej,amsixx,Spain,EMU,Yes
153,y4o50o3z,152,https://www.speedrun.com/sm64/run/y4o50o3z,2023-05-05T07:15:02Z,954.0,954.0,qjo1ovnx,FireGoesFast,Australia,VC,Yes
154,yllejj3y,152,https://www.speedrun.com/sm64/run/yllejj3y,2023-11-12T11:12:00Z,954.0,954.0,x3mw0278,ViperVenom95,Australia,EMU,Yes
155,zn2e579z,152,https://www.speedrun.com/sm64/run/zn2e579z,2024-05-11T14:10:58Z,954.0,954.0,zxz1vorj,Karyno,France,N64,Yes
156,7z09k9jz,157,https://www.speedrun.com/sm64/run/7z09k9jz,2015-07-30T07:03:44Z,954.3,954.3,48gev4rj,puncayshun,United States,N64,No
157,zx8wpvkm,158,https://www.speedrun.com/sm64/run/zx8wpvkm,2022-09-29T13:45:22Z,954.33,954.33,8vo319ex,fisterra,Japan,N64,Yes
158,ywkg723y,159,https://www.speedrun.com/sm64/run/ywkg723y,2021-10-13T10:25:00Z,954.85,954.85,e8e6edj0,GothicLogic,United Kingdom,N64,Yes
159,yll64nxy,160,https://www.speedrun.com/sm64/run/yll64nxy,2023-12-07T02:10:42Z,954.98,954.98,j4232gmx,VonJim,Québec,N64,Yes
160,mk7vv0xy,161,https://www.speedrun.com/sm64/run/mk7vv0xy,2021-02-25T08:01:24Z,955.0,955.0,86n47yqx,Timmybuoy,United States,N64,Yes
161,y6ne1njz,161,https://www.speedrun.com/sm64/run/y6ne1njz,2022-02-21T16:27:37Z,955.0,955.0,7j4q7emx,eleesuh,Germany,N64,Yes
162,zgeo830y,161,https://www.speedrun.com/sm64/run/zgeo830y,2023-07-27T04:57:28Z,955.0,955.0,8qrwg4dj,nicov2k,United States,EMU,Yes
163,yleojqxz,164,https://www.speedrun.com/sm64/run/yleojqxz,2022-01-04T13:37:27Z,955.23,955.23,18q9317j,kagami,Japan,N64,Yes
164,mk90e41z,165,https://www.speedrun.com/sm64/run/mk90e41z,2018-12-12T17:05:19Z,955.46,955.46,kjpok428,timlittlefree,United States,N64,Yes
165,zp9kgnrm,166,https://www.speedrun.com/sm64/run/zp9kgnrm,2022-07-03T00:00:28Z,955.48,955.48,y8dw9zgj,Alkobakknarko,Norway,N64,Yes
166,yl6lwxky,167,https://www.speedrun.com/sm64/run/yl6lwxky,2023-07-19T06:57:44Z,955.5,955.5,8g5y277j,ReallyBadDK,United States,N64,Yes
167,z1klr4jy,168,https://www.speedrun.com/sm64/run/z1klr4jy,2023-12-09T04:18:40Z,955.52,955.52,v8lq4k7x,badroenis,United States,N64,No
168,0zn16j8m,169,https://www.speedrun.com/sm64/run/0zn16j8m,2015-11-05T23:24:47Z,955.75,955.75,pj02nmw8,nero_x2,Japan,N64,Yes
169,mrnvgggy,170,https://www.speedrun.com/sm64/run/mrnvgggy,2021-10-13T18:32:09Z,955.83,955.83,dx3q74qj,chubby,Norway,N64,Yes
170,9men38m7,171,https://www.speedrun.com/sm64/run/9men38m7,,955.85,955.85,,,,N64,Yes
171,z054909m,172,https://www.speedrun.com/sm64/run/z054909m,2020-08-18T03:48:48Z,955.96,955.96,18vkpkyj,KobrahCJ,United States,N64,Yes
172,yv1v4k6y,173,https://www.speedrun.com/sm64/run/yv1v4k6y,2021-06-12T22:49:15Z,955.98,955.98,zxzzzrxq,Moose,United States,N64,Yes
173,y48wqrkm,174,https://www.speedrun.com/sm64/run/y48wqrkm,2021-12-24T00:55:38Z,956.0,956.0,8geo5gpj,Unknown1470,United States,EMU,Yes
174,ywndj20y,174,https://www.speedrun.com/sm64/run/ywndj20y,2023-10-09T23:57:28Z,956.0,956.0,j26ke4nx,8inchBagels,United States,EMU,Yes
175,zqdnw28m,174,https://www.speedrun.com/sm64/run/zqdnw28m,2024-01-21T17:26:42Z,956.0,956.0,joo3093j,ChiaraSM64,France,EMU,Yes
176,zn24493z,174,https://www.speedrun.com/sm64/run/zn24493z,2024-02-24T12:03:00Z,956.0,956.0,xkm3lk7j,Nonag,Germany,EMU,Yes
177,zxq0nn5m,174,https://www.speedrun.com/sm64/run/zxq0nn5m,2024-06-02T12:42:09Z,956.0,956.0,8ek64w68,mAf1sss,Israel,EMU,Yes
178,yd3jr1qz,179,https://www.speedrun.com/sm64/run/yd3jr1qz,2018-12-11T08:14:08Z,956.08,956.08,kj9yz0wx,Liam,United States,N64,Yes
179,me1pnd2y,180,https://www.speedrun.com/sm64/run/me1pnd2y,2022-10-30T00:07:10Z,956.26,956.26,xyrv6onj,jakegaw6,United States,N64,Yes
180,yvo4l9oz,181,https://www.speedrun.com/sm64/run/yvo4l9oz,2021-07-26T21:06:07Z,956.81,956.81,zx77v7rx,simply,United States,N64,Yes
181,y88ddqny,182,https://www.speedrun.com/sm64/run/y88ddqny,2022-05-14T21:03:07Z,956.95,956.95,86vm37pj,sevenyoshi,United States,N64,Yes
182,y89w3vnm,183,https://www.speedrun.com/sm64/run/y89w3vnm,2019-01-07T03:21:59Z,957.0,957.0,1xy06qnj,Squirr3I,United States,EMU,Yes
183,m7d922wm,183,https://www.speedrun.com/sm64/run/m7d922wm,2021-04-15T13:48:04Z,957.0,957.0,48gq91rj,figgs,Australia,EMU,Yes
184,y9vk09em,183,https://www.speedrun.com/sm64/run/y9vk09em,2022-06-18T12:46:50Z,957.0,957.0,j2y0pkl8,TobiiSR,Austria,VC,Yes
185,z52gvv5z,183,https://www.speedrun.com/sm64/run/z52gvv5z,2022-06-27T18:36:39Z,957.0,957.0,68wzrnv8,aussieadam,United States,EMU,Yes
186,z0ngw29m,183,https://www.speedrun.com/sm64/run/z0ngw29m,2023-04-10T02:33:51Z,957.0,957.0,jo3qgp7j,Rallemz,Brazil,EMU,Yes
187,z1lqnqrm,183,https://www.speedrun.com/sm64/run/z1lqnqrm,2023-07-08T16:36:23Z,957.0,957.0,jn9qe22x,Famin,United States,EMU,Yes
188,y6293v0z,189,https://www.speedrun.com/sm64/run/y6293v0z,2023-06-14T00:19:39Z,957.03,957.03,863k2ww8,MeepJeep,Germany,N64,Yes
189,ydje45vy,189,https://www.speedrun.com/sm64/run/ydje45vy,2023-06-18T06:00:25Z,957.03,957.03,j20e4vpx,kusabi,Japan,N64,Yes
190,zgvep3vz,191,https://www.speedrun.com/sm64/run/zgvep3vz,2020-11-26T21:40:38Z,957.22,957.22,8rpld5wj,Lilpuri,,N64,Yes
191,8y8rnrwm,192,https://www.speedrun.com/sm64/run/8y8rnrwm,2015-07-30T07:05:09Z,957.26,957.26,kjp6pz58,Gana64,Japan,N64,Yes
192,yv34p3xz,193,https://www.speedrun.com/sm64/run/yv34p3xz,2019-05-23T08:27:09Z,957.56,957.56,v8lvw57j,JKJ,United States,N64,Yes
193,yjoon03z,194,https://www.speedrun.com/sm64/run/yjoon03z,2024-05-18T07:41:20Z,957.63,957.63,5j5qzewj,Keubab,France,N64,Yes
194,yojpqg5m,195,https://www.speedrun.com/sm64/run/yojpqg5m,2019-10-08T18:03:53Z,957.68,957.68,o86pkeqj,Synozure,Australia,N64,Yes
195,ywdv6rnz,196,https://www.speedrun.com/sm64/run/ywdv6rnz,2020-11-22T14:05:27Z,957.73,957.73,qjoolrej,nobori56,Japan,N64,Yes
196,zgg92qjz,197,https://www.speedrun.com/sm64/run/zgg92qjz,2021-07-02T18:39:11Z,957.75,957.75,qxkm6mj0,Kyman,Canada,N64,Yes
197,yw09192m,198,https://www.speedrun.com/sm64/run/yw09192m,2021-04-02T10:47:49Z,957.76,957.76,8wkgwd48,nuzumi,Japan,N64,Yes
198,6yj09vgz,199,https://www.speedrun.com/sm64/run/6yj09vgz,2017-03-04T06:48:41Z,957.89,957.89,,,,N64,Yes
199,yo2rovjz,200,https://www.speedrun.com/sm64/run/yo2rovjz,2018-10-10T17:30:06Z,958.0,958.0,98r2y03x,SoloQ,United States,EMU,Yes
200,z1j9qkjz,200,https://www.speedrun.com/sm64/run/z1j9qkjz,2019-12-19T14:47:05Z,958.0,958.0,x7qkl4v8,ArbitraryPanda,Norway,EMU,No
201,yvq36nom,200,https://www.speedrun.com/sm64/run/yvq36nom,2021-12-18T23:49:05Z,958.0,958.0,8vo9o92x,Carlos64,Spain,EMU,Yes
202,z5e7oxnz,200,https://www.speedrun.com/sm64/run/z5e7oxnz,2022-12-17T23:52:20Z,958.0,958.0,xzlq0er8,r1cef4rmer,United States,EMU,Yes
203,mr2qe77y,200,https://www.speedrun.com/sm64/run/mr2qe77y,2023-09-12T14:08:52Z,958.0,958.0,8ew0dk28,NotGorilla,Sweden,EMU,Yes
204,mkq16v5m,200,https://www.speedrun.com/sm64/run/mkq16v5m,2024-01-02T06:31:25Z,958.0,958.0,jpm2m44j,happydude124,United States,EMU,Yes
205,yvvd5wxy,200,https://www.speedrun.com/sm64/run/yvvd5wxy,2024-02-05T08:05:46Z,958.0,958.0,xk3og178,Instinct64,United States,EMU,Yes
206,z0d98e4y,200,https://www.speedrun.com/sm64/run/z0d98e4y,2024-03-17T14:02:35Z,958.0,958.0,zxzez44x,parkourchicken,United States,EMU,Yes
207,yvrr308z,208,https://www.speedrun.com/sm64/run/yvrr308z,2022-05-28T18:25:11Z,958.1,958.1,8qo0gd7j,Jfox,,N64,Yes
208,z03p7djz,209,https://www.speedrun.com/sm64/run/z03p7djz,2018-10-23T05:07:27Z,958.18,958.18,,,,N64,Yes
209,jy98x3rz,210,https://www.speedrun.com/sm64/run/jy98x3rz,2016-06-16T05:11:51Z,958.39,958.39,5j52e9qj,GUTOA,Japan,N64,Yes
210,wzpk9ryq,211,https://www.speedrun.com/sm64/run/wzpk9ryq,,958.65,958.65,,,,N64,Yes
211,emkok5z6,211,https://www.speedrun.com/sm64/run/emkok5z6,2023-10-04T18:37:30Z,958.65,958.65,,,,N64,Yes
212,y20or6jm,213,https://www.speedrun.com/sm64/run/y20or6jm,2022-03-26T20:24:59Z,958.7,958.7,8grge67x,isu_,Japan,N64,Yes
213,mken021m,214,https://www.speedrun.com/sm64/run/mken021m,2022-03-19T05:52:22Z,958.73,958.73,1xy5vzy8,m0m0,,N64,Yes
214,zx3lp2ez,215,https://www.speedrun.com/sm64/run/zx3lp2ez,2023-06-24T01:48:53Z,958.9,958.9,xko6o278,Seceon,Chile,N64,Yes
215,m3396r6m,216,https://www.speedrun.com/sm64/run/m3396r6m,2022-04-05T01:24:12Z,959.0,959.0,xz7q51nj,Bentengaming,United States,EMU,Yes
216,zg2804ey,217,https://www.speedrun.com/sm64/run/zg2804ey,2023-02-25T23:59:19Z,959.03,959.03,qxkvqp2j,PKT_Distinct,France,N64,No
217,mk5rr0xm,218,https://www.speedrun.com/sm64/run/mk5rr0xm,2021-11-05T22:19:14Z,959.13,959.13,y8d2v2mj,ChipGroove,United States,N64,Yes
218,y93r2vvy,219,https://www.speedrun.com/sm64/run/y93r2vvy,2021-11-18T21:59:05Z,959.5,959.5,98re9d6x,Psyduck64,United States,N64,Yes
219,nz1vprze,220,https://www.speedrun.com/sm64/run/nz1vprze,,959.62,959.62,,,,N64,Yes
220,zqvo498m,221,https://www.speedrun.com/sm64/run/zqvo498m,2021-11-13T19:07:28Z,959.91,959.91,qjok7l78,TwitchName,United States,N64,Yes
221,mkqq48xm,222,https://www.speedrun.com/sm64/run/mkqq48xm,2023-12-14T20:19:46Z,959.99,959.99,v813p3lx,Armada,Sweden,N64,Yes
222,9mr077mq,223,https://www.speedrun.com/sm64/run/9mr077mq,,960.0,960.0,,,,N64,Yes
223,6yjgr83y,223,https://www.speedrun.com/sm64/run/6yjgr83y,2015-11-05T23:30:47Z,960.0,960.0,,,,N64,Yes
224,zgg8n6vz,223,https://www.speedrun.com/sm64/run/zgg8n6vz,2021-06-13T01:19:14Z,960.0,960.0,v8lem77x,Frost_Byte,United States,N64,Yes
225,m3616v4m,223,https://www.speedrun.com/sm64/run/m3616v4m,2021-12-19T23:04:36Z,960.0,960.0,xyrdnrnj,Chemus,Brazil,EMU,Yes
226,yv85kv6m,223,https://www.speedrun.com/sm64/run/yv85kv6m,2023-03-27T11:50:52Z,960.0,960.0,8l0q0k78,GeoGringo,United States,N64,Yes
227,zgwvkdey,228,https://www.speedrun.com/sm64/run/zgwvkdey,2020-05-02T01:28:18Z,961.0,961.0,kj9vd9ox,JMill,United States,EMU,Yes
228,z12gpogy,228,https://www.speedrun.com/sm64/run/z12gpogy,2022-01-24T16:43:06Z,961.0,961.0,jmo4ewn8,Mathematix,United States,N64,Yes
229,ywge2wnz,228,https://www.speedrun.com/sm64/run/ywge2wnz,2024-02-16T20:41:11Z,961.0,961.0,8lpl934j,PegiTheLoca,Germany,N64,Yes
230,y8j7v65z,231,https://www.speedrun.com/sm64/run/y8j7v65z,2022-03-23T17:08:57Z,962.0,962.0,86nqn6wx,Susano130,Japan,N64,Yes
231,m72e1o0z,231,https://www.speedrun.com/sm64/run/m72e1o0z,2023-03-10T21:53:09Z,962.0,962.0,68wp5qvx,geek,Germany,N64,Yes
232,ywr056nm,231,https://www.speedrun.com/sm64/run/ywr056nm,2023-06-06T21:16:27Z,962.0,962.0,1xyw6wn8,markinator99,United States,N64,Yes
233,y462g4dz,231,https://www.speedrun.com/sm64/run/y462g4dz,2024-03-22T18:04:20Z,962.0,962.0,xz27v1nx,NewmanBeatbox,United States,EMU,Yes
234,zp9g19xm,235,https://www.speedrun.com/sm64/run/zp9g19xm,2022-06-08T13:07:22Z,963.0,963.0,8r7nmpqj,Leproxy,United States,N64,Yes
235,yjp2qw3y,235,https://www.speedrun.com/sm64/run/yjp2qw3y,2022-06-16T07:17:21Z,963.0,963.0,pj02dl98,Hide,United States,N64,Yes
236,y9jooqem,235,https://www.speedrun.com/sm64/run/y9jooqem,2024-02-12T15:50:58Z,963.0,963.0,8d02v65x,phL64,Germany,N64,Yes
237,1zxj78yx,238,https://www.speedrun.com/sm64/run/1zxj78yx,,964.0,964.0,,,,N64,No
238,7ylkqp2z,238,https://www.speedrun.com/sm64/run/7ylkqp2z,2015-05-19T11:27:05Z,964.0,964.0,o86lzw8z,php1r,Denmark,EMU,Yes
239,yv00ln6z,238,https://www.speedrun.com/sm64/run/yv00ln6z,2022-09-12T04:58:56Z,964.0,964.0,8vkn1mnj,madware,Chile,N64,Yes
240,m3l705gm,238,https://www.speedrun.com/sm64/run/m3l705gm,2023-01-21T14:24:32Z,964.0,964.0,qxk6o7m8,Jojo,Netherlands,EMU,Yes
241,m70d164y,238,https://www.speedrun.com/sm64/run/m70d164y,2023-06-08T04:55:51Z,964.0,964.0,v810d5rx,SubmarineCpt,United States,EMU,Yes
242,y8k95e5y,238,https://www.speedrun.com/sm64/run/y8k95e5y,2023-09-24T03:57:33Z,964.0,964.0,8lpgwllj,Vadien,United States,N64,Yes
243,pzg28qjy,244,https://www.speedrun.com/sm64/run/pzg28qjy,2016-05-12T22:22:07Z,965.0,965.0,zxzvprjq,toastrider91,Chad,N64,Yes
244,yl6rp4ny,244,https://www.speedrun.com/sm64/run/yl6rp4ny,2023-06-17T23:42:27Z,965.0,965.0,j4r2ynw8,Lojen,United States,VC,Yes
245,zp2r53xy,246,https://www.speedrun.com/sm64/run/zp2r53xy,2021-12-26T02:52:01Z,966.0,966.0,kj90nrj4,Kyrette,United States,VC,No
246,y6x60jpy,246,https://www.speedrun.com/sm64/run/y6x60jpy,2022-08-21T03:51:21Z,966.0,966.0,7j4epgvx,Mcnessyj,New Zealand,N64,Yes
247,zg2jj4jy,246,https://www.speedrun.com/sm64/run/zg2jj4jy,2023-03-14T20:39:26Z,966.0,966.0,8dwkvwmj,runnosh,England,N64,Yes
248,0y6g0jm7,249,https://www.speedrun.com/sm64/run/0y6g0jm7,,967.0,967.0,,,,N64,Yes
249,z0729d4y,249,https://www.speedrun.com/sm64/run/z0729d4y,2021-11-08T01:34:53Z,967.0,967.0,86v6wk0j,leodamin,Brazil,N64,Yes
250,y6o46xqy,249,https://www.speedrun.com/sm64/run/y6o46xqy,2023-04-05T19:16:58Z,967.0,967.0,x33wzg7x,Alooful,United States,EMU,Yes
251,ydj995qy,249,https://www.speedrun.com/sm64/run/ydj995qy,2023-06-03T14:33:48Z,967.0,967.0,8g5772rj,Semaa,Bosnia and Herzegovina,EMU,Yes
252,mr2o357y,249,https://www.speedrun.com/sm64/run/mr2o357y,2023-12-06T00:43:19Z,967.0,967.0,pj0322mj,Erthide,Québec,VC,Yes
253,kz5l2eyr,254,https://www.speedrun.com/sm64/run/kz5l2eyr,,969.0,969.0,,,,N64,Yes
254,meenn19m,254,https://www.speedrun.com/sm64/run/meenn19m,2023-03-14T17:53:28Z,969.0,969.0,j2y2n0o8,KufL,United States,EMU,Yes
255,z1knd2wy,254,https://www.speedrun.com/sm64/run/z1knd2wy,2023-12-27T21:20:43Z,969.0,969.0,qjomp63x,Frisson4,Québec,N64,No
256,dy4jqkyl,257,https://www.speedrun.com/sm64/run/dy4jqkyl,,970.0,970.0,18ql07jn,luke994,England,N64,Yes
257,z09n34ez,257,https://www.speedrun.com/sm64/run/z09n34ez,2020-11-21T00:25:04Z,970.0,970.0,e8ezrq68,Yale,United States,N64,Yes
258,y2090gwm,257,https://www.speedrun.com/sm64/run/y2090gwm,2021-12-01T17:10:18Z,970.0,970.0,j0v2zkrx,TANYAKA,Japan,N64,Yes
259,oy2npwyd,260,https://www.speedrun.com/sm64/run/oy2npwyd,2023-10-25T19:11:18Z,971.0,971.0,dx351yqj,siglemic,United States,N64,No
260,y8d89wnz,260,https://www.speedrun.com/sm64/run/y8d89wnz,2021-05-24T22:57:41Z,971.0,971.0,jp47de4j,lerrythelobtser,Canada,N64,Yes
261,y606vg1y,260,https://www.speedrun.com/sm64/run/y606vg1y,2022-05-11T02:42:04Z,971.0,971.0,qj234l7x,Petalite,Brazil,EMU,Yes
262,yl7l372m,260,https://www.speedrun.com/sm64/run/yl7l372m,2022-06-17T16:05:35Z,971.0,971.0,y8devyoj,Serenmew,United States,N64,Yes
263,yj2d3r7m,260,https://www.speedrun.com/sm64/run/yj2d3r7m,2023-06-30T23:43:37Z,971.0,971.0,x7q4gvq8,badlski,Finland,EMU,Yes
264,m303k0wm,260,https://www.speedrun.com/sm64/run/m303k0wm,2024-04-16T14:35:20Z,971.0,971.0,xyovd1nj,Henoty,France,EMU,Yes
265,7z08p8m5,266,https://www.speedrun.com/sm64/run/7z08p8m5,,972.0,972.0,qj26pqnx,NyZ,Japan,N64,Yes
266,zxg2nrey,266,https://www.speedrun.com/sm64/run/zxg2nrey,2021-04-28T23:15:34Z,972.0,972.0,68welnq8,Ryou,,N64,Yes
267,yo6rvd1y,266,https://www.speedrun.com/sm64/run/yo6rvd1y,2021-09-04T15:03:03Z,972.0,972.0,8ge2ee2j,incha4416,,N64,Yes
268,y60j19jy,266,https://www.speedrun.com/sm64/run/y60j19jy,2022-07-09T00:38:01Z,972.0,972.0,8dw231lj,Snepy,Chile,N64,Yes
269,m3xolggm,266,https://www.speedrun.com/sm64/run/m3xolggm,2022-08-07T00:59:38Z,972.0,972.0,86v9945j,Tit0MEX_64,Mexico,EMU,Yes
270,zpg4elgz,266,https://www.speedrun.com/sm64/run/zpg4elgz,2022-12-23T16:36:06Z,972.0,972.0,jp4y0g2j,ooferboi_69,United States,N64,Yes
271,yj8l8rgm,266,https://www.speedrun.com/sm64/run/yj8l8rgm,2022-12-28T06:32:34Z,972.0,972.0,jmovzpe8,ClassicHanky,United States,N64,Yes
272,zqjgvj5m,266,https://www.speedrun.com/sm64/run/zqjgvj5m,2023-06-04T03:01:34Z,972.0,972.0,jo35yn7j,Luisito,Mexico,VC,No
273,yj25qp7m,266,https://www.speedrun.com/sm64/run/yj25qp7m,2023-06-18T08:02:50Z,972.0,972.0,5j5097nx,SolErikaB,Sweden,EMU,Yes
274,ywgn762z,266,https://www.speedrun.com/sm64/run/ywgn762z,2024-05-11T23:22:44Z,972.0,972.0,8qo05moj,Birdman20,United States,N64,Yes
275,8y8o8nm1,276,https://www.speedrun.com/sm64/run/8y8o8nm1,,973.0,973.0,,,,N64,Yes
276,1zq2e8zl,276,https://www.speedrun.com/sm64/run/1zq2e8zl,,973.0,973.0,qj26qnxk,caivs,United States,N64,Yes
277,wzpgpdvz,276,https://www.speedrun.com/sm64/run/wzpgpdvz,2016-05-12T22:34:37Z,973.0,973.0,,,,N64,Yes
278,z03pgejz,276,https://www.speedrun.com/sm64/run/z03pgejz,2018-11-02T02:30:21Z,973.0,973.0,7j41p5j1,SuperViperT302,United States,N64,Yes
279,ydr3qjvz,276,https://www.speedrun.com/sm64/run/ydr3qjvz,2021-04-17T19:39:25Z,973.0,973.0,68w040qj,Creator_Destroyer,United States,N64,Yes
280,z0leko9z,276,https://www.speedrun.com/sm64/run/z0leko9z,2022-08-04T06:44:01Z,973.0,973.0,5j5gwr68,Speedrun,United States,EMU,Yes
281,mrowxw8m,276,https://www.speedrun.com/sm64/run/mrowxw8m,2023-04-02T00:47:42Z,973.0,973.0,1xy9r4yj,Mapiz,Italy,EMU,Yes
282,yw4x5gnz,283,https://www.speedrun.com/sm64/run/yw4x5gnz,2020-01-05T09:43:25Z,974.0,974.0,0jmvmzj1,protoman5,United States,N64,Yes
283,mejwoo0y,283,https://www.speedrun.com/sm64/run/mejwoo0y,2022-02-12T18:50:08Z,974.0,974.0,jprkgm28,Nakamoo,Japan,N64,Yes
284,jy9qw9rz,285,https://www.speedrun.com/sm64/run/jy9qw9rz,2017-02-15T09:25:50Z,975.0,975.0,zx766dyj,Tencho,Japan,N64,Yes
285,y8qlv1wy,285,https://www.speedrun.com/sm64/run/y8qlv1wy,2018-03-23T13:12:22Z,975.0,975.0,0jm02o81,Tristan,United States,N64,Yes
286,zxgrg6gy,285,https://www.speedrun.com/sm64/run/zxgrg6gy,2021-07-11T02:44:21Z,975.0,975.0,j5w9kqwj,Stomr,United States,N64,Yes
287,y4geoxqy,285,https://www.speedrun.com/sm64/run/y4geoxqy,2023-01-03T03:54:36Z,975.0,975.0,8r74q36j,UnclePress_,United States,EMU,Yes
288,y4k7qldm,285,https://www.speedrun.com/sm64/run/y4k7qldm,2023-11-01T21:56:12Z,975.0,975.0,0jmllwo8,ninjaxc30,United States,EMU,Yes
289,y6269njz,285,https://www.speedrun.com/sm64/run/y6269njz,2023-06-04T01:51:07Z,975.0,975.0,zx73n50j,JDee,Canada,N64,Yes
290,y86ep31m,285,https://www.speedrun.com/sm64/run/y86ep31m,2023-06-17T18:19:23Z,975.0,975.0,j03z503j,Taki,Canada,N64,Yes
291,y866g9xm,285,https://www.speedrun.com/sm64/run/y866g9xm,2023-07-13T20:33:54Z,975.0,975.0,xyl4ynzj,imchach,United States,EMU,Yes
292,z58lg9jz,285,https://www.speedrun.com/sm64/run/z58lg9jz,2024-05-28T08:07:16Z,975.0,975.0,jo3qoo0j,fattylugia,United States,EMU,Yes
293,z1395v9m,294,https://www.speedrun.com/sm64/run/z1395v9m,2018-01-14T05:58:28Z,976.0,976.0,v8l732jm,Jolteon92,England,VC,Yes
294,y27ldo5z,294,https://www.speedrun.com/sm64/run/y27ldo5z,2021-11-25T06:21:53Z,976.0,976.0,zx7zw1r8,egaSyeliR,United States,N64,Yes
295,ywjk7e0z,294,https://www.speedrun.com/sm64/run/ywjk7e0z,2022-01-13T23:05:14Z,976.0,976.0,j0391mwj,dmap1514,Germany,EMU,Yes
296,zn7v15lm,294,https://www.speedrun.com/sm64/run/zn7v15lm,2022-02-03T02:23:37Z,976.0,976.0,8wk04938,Dampe_td,Australia,N64,Yes
297,y4qg9nkm,294,https://www.speedrun.com/sm64/run/y4qg9nkm,2022-06-06T23:48:16Z,976.0,976.0,j5vgqlw8,crazywhw,United States,N64,Yes
298,mr7d2q7z,294,https://www.speedrun.com/sm64/run/mr7d2q7z,2022-07-07T17:46:11Z,976.0,976.0,0jmw6wex,Bombs,United States,N64,Yes
299,yj2pjpdm,294,https://www.speedrun.com/sm64/run/yj2pjpdm,2023-06-25T01:48:10Z,976.0,976.0,8g5egl1j,Rayydex,Germany,EMU,Yes
300,y8kx4q1y,294,https://www.speedrun.com/sm64/run/y8kx4q1y,2023-11-27T04:52:39Z,976.0,976.0,xk4g0m9j,Dezod,United States,N64,Yes
301,z5k61j5z,294,https://www.speedrun.com/sm64/run/z5k61j5z,2024-01-14T23:16:52Z,976.0,976.0,o86m9k0j,xerint,Canada,N64,Yes
302,zxq0jkgm,294,https://www.speedrun.com/sm64/run/zxq0jkgm,2024-06-03T17:33:22Z,976.0,976.0,8dpk11l8,TheBest2272,Spain,EMU,Yes
303,nz132x9m,294,https://www.speedrun.com/sm64/run/nz132x9m,2014-12-21T05:01:22Z,976.0,976.0,,,,N64,No
304,9mrq6ndy,305,https://www.speedrun.com/sm64/run/9mrq6ndy,2014-12-21T05:04:17Z,977.0,977.0,,,,N64,Yes
305,y67w6lqm,305,https://www.speedrun.com/sm64/run/y67w6lqm,2018-03-23T13:10:51Z,977.0,977.0,e8en9d78,muto,Japan,N64,Yes
306,m369rw4m,305,https://www.speedrun.com/sm64/run/m369rw4m,2021-12-01T03:14:33Z,977.0,977.0,qjoe6e86,Widdit,United States,N64,Yes
307,yvv5vdxy,305,https://www.speedrun.com/sm64/run/yvv5vdxy,2024-01-18T06:16:25Z,977.0,977.0,jo2o9me8,statXrin,United States,VC,Yes
308,yvp0518y,305,https://www.speedrun.com/sm64/run/yvp0518y,2023-07-04T05:49:47Z,977.0,977.0,zxz67wn8,AJLane,United States,N64,Yes
309,zg8jk1ny,305,https://www.speedrun.com/sm64/run/zg8jk1ny,2024-01-03T17:21:42Z,977.0,977.0,xz7o1wej,gingernips69420,England,EMU,Yes
310,ydnnp8vm,305,https://www.speedrun.com/sm64/run/ydnnp8vm,2024-05-17T07:03:40Z,977.0,977.0,8l35dzl8,KalasLawliet,France,N64,Yes
311,y9528wez,312,https://www.speedrun.com/sm64/run/y9528wez,2019-06-19T02:45:49Z,978.0,978.0,qjn6yzwx,BennyMKW,United States,VC,Yes
312,m3qnlqqy,312,https://www.speedrun.com/sm64/run/m3qnlqqy,2023-06-05T01:44:50Z,978.0,978.0,zx71oy0x,FGSM,Scotland,EMU,Yes
313,me06v99z,312,https://www.speedrun.com/sm64/run/me06v99z,2023-10-07T17:27:43Z,978.0,978.0,8qrrp27j,TedFeds,United States,EMU,Yes
314,zglo1vjm,312,https://www.speedrun.com/sm64/run/zglo1vjm,2024-05-23T13:13:47Z,978.0,978.0,j9pze07x,PrinterWontWork,United States,N64,Yes
315,m3lr8wqm,316,https://www.speedrun.com/sm64/run/m3lr8wqm,2023-01-16T21:17:40Z,979.0,979.0,xkogpw98,Flandral,Brazil,EMU,Yes
316,z0j8j58y,316,https://www.speedrun.com/sm64/run/z0j8j58y,2023-08-01T03:30:57Z,979.0,979.0,pj0zm38w,Geenix,United States,N64,Yes
317,z0xrog9z,316,https://www.speedrun.com/sm64/run/z0xrog9z,2023-10-25T01:35:04Z,979.0,979.0,o86owz08,D3m0nf4ng,Germany,EMU,Yes
318,zglg07vm,316,https://www.speedrun.com/sm64/run/zglg07vm,2024-03-30T13:18:25Z,979.0,979.0,8l4e99lj,Timothy187,Germany,EMU,Yes
319,yjwqqvdm,320,https://www.speedrun.com/sm64/run/yjwqqvdm,2024-01-13T08:08:35Z,980.0,980.0,o86z710x,zekeSSB,United States,N64,Yes
320,zn2v51vz,320,https://www.speedrun.com/sm64/run/zn2v51vz,2024-05-05T23:14:28Z,980.0,980.0,x3w377ej,AbUnderscored,Jordan,EMU,Yes
321,yvjrolxy,322,https://www.speedrun.com/sm64/run/yvjrolxy,2018-10-23T05:11:07Z,981.0,981.0,,,,N64,Yes
322,zqvlwr9m,322,https://www.speedrun.com/sm64/run/zqvlwr9m,2021-11-19T08:50:03Z,981.0,981.0,zx7vky6x,Hafus,United States,N64,Yes
323,y20w3gwm,322,https://www.speedrun.com/sm64/run/y20w3gwm,2022-02-17T10:10:40Z,981.0,981.0,kjpmy0jq,ThatDrunkenDwarf,England,N64,Yes
324,mr2kq47y,322,https://www.speedrun.com/sm64/run/mr2kq47y,2023-10-01T12:24:45Z,981.0,981.0,qjoww378,Sawk,France,EMU,Yes
325,9mrvv1gz,326,https://www.speedrun.com/sm64/run/9mrvv1gz,2016-08-26T18:14:07Z,982.0,982.0,zx73kqj7,Skaredogged97,Switzerland,EMU,Yes
326,mr8oqj8y,326,https://www.speedrun.com/sm64/run/mr8oqj8y,2018-11-20T11:29:59Z,982.0,982.0,v81v5p38,Meryl,Japan,N64,Yes
327,y93kqjky,326,https://www.speedrun.com/sm64/run/y93kqjky,2021-10-07T10:46:04Z,982.0,982.0,j51q9668,RianDiCielo,Panama,EMU,Yes
328,mkk0lelm,326,https://www.speedrun.com/sm64/run/mkk0lelm,2022-06-12T06:02:15Z,982.0,982.0,8end5g78,SonicGordon6,United States,EMU,Yes
329,zglkvg0m,326,https://www.speedrun.com/sm64/run/zglkvg0m,2024-03-02T10:28:30Z,982.0,982.0,8v57kgvj,GrievousD2,Canada,N64,Yes
330,y2dj0e7z,331,https://www.speedrun.com/sm64/run/y2dj0e7z,2020-11-22T03:32:37Z,983.0,983.0,zxzn5rex,joerandom,United States,N64,Yes
331,z5d3ngem,331,https://www.speedrun.com/sm64/run/z5d3ngem,2021-08-21T11:23:10Z,983.0,983.0,8wk5l448,killuminati,Norway,EMU,Yes
332,z1p821jz,331,https://www.speedrun.com/sm64/run/z1p821jz,2022-05-09T13:28:15Z,983.0,983.0,qj2l0wpx,zachhnl,Australia,EMU,Yes
333,z5er0njz,331,https://www.speedrun.com/sm64/run/z5er0njz,2023-01-13T15:31:46Z,983.0,983.0,8rl5e7q8,SteamEnjoyer,,EMU,Yes
334,y62713qz,331,https://www.speedrun.com/sm64/run/y62713qz,2023-05-06T00:15:09Z,983.0,983.0,pj09l9jw,BeastlyWhale,,N64,Yes
335,z5pv4onm,331,https://www.speedrun.com/sm64/run/z5pv4onm,2023-06-24T07:50:05Z,983.0,983.0,xyreddzj,squimmie,United States,N64,Yes
336,m3kpxeqy,331,https://www.speedrun.com/sm64/run/m3kpxeqy,2024-02-03T15:19:14Z,983.0,983.0,8rperewj,nahottv,Scotland,EMU,Yes
337,m309jdqm,331,https://www.speedrun.com/sm64/run/m309jdqm,2024-02-16T02:20:09Z,983.0,983.0,8eeeov68,kronkerlife,Norway,EMU,Yes
338,oy2g66jz,339,https://www.speedrun.com/sm64/run/oy2g66jz,2016-06-30T00:38:48Z,984.0,984.0,,,,EMU,No
339,zqvx131m,339,https://www.speedrun.com/sm64/run/zqvx131m,2021-11-25T16:09:29Z,984.0,984.0,5j5m99z8,Nari.,Japan,N64,Yes
340,znvoj09m,339,https://www.speedrun.com/sm64/run/znvoj09m,2023-06-05T00:40:02Z,984.0,984.0,8vk60z5j,Falling_Tacos,United States,N64,Yes
341,mrl4688m,339,https://www.speedrun.com/sm64/run/mrl4688m,2023-06-04T06:30:44Z,984.0,984.0,zxzl7508,Seba54,Chile,EMU,No
342,yl6oxd3y,339,https://www.speedrun.com/sm64/run/yl6oxd3y,2023-06-06T03:42:45Z,984.0,984.0,5j5w6qnj,kryptic80,United States,N64,Yes
343,y2gp3lwz,339,https://www.speedrun.com/sm64/run/y2gp3lwz,2023-06-25T12:04:56Z,984.0,984.0,pj0rd9mj,Gemini_,Australia,EMU,Yes
344,ydjvv6qy,339,https://www.speedrun.com/sm64/run/ydjvv6qy,2023-08-02T00:12:13Z,984.0,984.0,8geyo77j,Leysauce,United States,N64,No
345,yvpnpq6y,339,https://www.speedrun.com/sm64/run/yvpnpq6y,2023-08-01T04:28:00Z,984.0,984.0,48gye018,Jalapiñecone,Canada,N64,Yes
346,yldrkjnm,339,https://www.speedrun.com/sm64/run/yldrkjnm,2024-04-01T03:55:52Z,984.0,984.0,jm3ymoo8,Its_CircleZ,United States,N64,Yes
347,yd3w15jz,348,https://www.speedrun.com/sm64/run/yd3w15jz,2018-10-08T21:27:37Z,985.0,985.0,68wg36qx,ded_lej,North Korea,N64,No
348,y815gxwz,348,https://www.speedrun.com/sm64/run/y815gxwz,2020-03-20T21:41:10Z,985.0,985.0,qj21v1o8,MINTMontgomery,Northern Ireland,N64,Yes
349,yjx82wdz,348,https://www.speedrun.com/sm64/run/yjx82wdz,2022-01-30T04:07:40Z,985.0,985.0,8qzwgr78,toilet64_,United States,N64,Yes
350,zpw499ny,348,https://www.speedrun.com/sm64/run/zpw499ny,2023-05-15T16:01:21Z,985.0,985.0,qxklwe78,Hypokamp,,EMU,Yes
351,9me7de9y,348,https://www.speedrun.com/sm64/run/9me7de9y,2015-11-05T23:34:41Z,985.0,985.0,,,,N64,No
352,pzgjqnz2,353,https://www.speedrun.com/sm64/run/pzgjqnz2,,986.0,986.0,,,,N64,No
353,y2xnd69m,353,https://www.speedrun.com/sm64/run/y2xnd69m,2021-06-24T03:16:06Z,986.0,986.0,zx7qpq68,Sodaftmn,Mexico,N64,Yes
354,zqvn68xm,353,https://www.speedrun.com/sm64/run/zqvn68xm,2021-11-07T04:56:08Z,986.0,986.0,8rpp0egj,Bluth,United States,N64,No
355,y4o718dz,353,https://www.speedrun.com/sm64/run/y4o718dz,2023-06-14T17:22:51Z,986.0,986.0,86n94m0x,Joanbros,France,EMU,Yes
356,m3q31wgy,353,https://www.speedrun.com/sm64/run/m3q31wgy,2023-06-25T20:47:13Z,986.0,986.0,1xyqnov8,unpushplay,United States,N64,Yes
357,zgeo4ovy,353,https://www.speedrun.com/sm64/run/zgeo4ovy,2023-07-29T07:29:26Z,986.0,986.0,98ryllqj,Fizz,United States,VC,Yes
358,9yoqdjzx,359,https://www.speedrun.com/sm64/run/9yoqdjzx,,987.0,987.0,,,,N64,Yes
359,y81o4qnz,359,https://www.speedrun.com/sm64/run/y81o4qnz,2020-01-18T03:06:55Z,987.0,987.0,8l050qv8,Kill1029,United States,EMU,Yes
360,z0r9pq9z,359,https://www.speedrun.com/sm64/run/z0r9pq9z,2021-05-02T21:23:50Z,987.0,987.0,68w672qj,drimys,United States,N64,Yes
361,m77n27em,359,https://www.speedrun.com/sm64/run/m77n27em,2021-10-10T22:18:48Z,987.0,987.0,48gplnp8,AlexanderNasisYT,United States,EMU,No
362,znp6w39m,359,https://www.speedrun.com/sm64/run/znp6w39m,2022-07-13T18:40:44Z,987.0,987.0,j5v0w968,whyjos,Scotland,EMU,Yes
363,y9x6p6vy,359,https://www.speedrun.com/sm64/run/y9x6p6vy,2022-09-18T01:46:54Z,987.0,987.0,j0vkm73x,druz,United States,EMU,Yes
364,yo0vjx7y,359,https://www.speedrun.com/sm64/run/yo0vjx7y,2024-02-13T08:11:28Z,987.0,987.0,jprg1g58,eave,Germany,N64,Yes
365,wzpkdryq,366,https://www.speedrun.com/sm64/run/wzpkdryq,,988.0,988.0,,,,N64,No
366,y2peq46z,366,https://www.speedrun.com/sm64/run/y2peq46z,2022-06-02T16:18:33Z,988.0,988.0,86vwom0j,WaterproofTeabag_,Australia,N64,Yes
367,z5er605z,366,https://www.speedrun.com/sm64/run/z5er605z,2023-01-16T14:56:01Z,988.0,988.0,x76047vj,Phoenix64,United States,VC,Yes
368,zxwqn68m,366,https://www.speedrun.com/sm64/run/zxwqn68m,2023-12-24T05:21:23Z,988.0,988.0,jmp9v5oj,kortz,United States,N64,Yes
369,mkpgp9xy,366,https://www.speedrun.com/sm64/run/mkpgp9xy,2024-03-29T02:51:15Z,988.0,988.0,xy51z1v8,anvarmora,Peru,N64,Yes
370,8yvpeq6y,366,https://www.speedrun.com/sm64/run/8yvpeq6y,2016-06-29T16:20:56Z,988.0,988.0,,,,N64,No
371,nz1vgrze,372,https://www.speedrun.com/sm64/run/nz1vgrze,,989.0,989.0,,,,N64,No
372,7z08n4m5,372,https://www.speedrun.com/sm64/run/7z08n4m5,,989.0,989.0,48gem41j,igreil,United States,N64,Yes
373,y43qjl3z,372,https://www.speedrun.com/sm64/run/y43qjl3z,2018-10-29T19:33:05Z,989.0,989.0,7j4rnew8,Xalince,Germany,EMU,Yes
374,ywqk9opy,372,https://www.speedrun.com/sm64/run/ywqk9opy,2021-05-19T07:28:52Z,989.0,989.0,qjnz771j,jane_dair,United States,N64,Yes
375,z0pn7e4y,372,https://www.speedrun.com/sm64/run/z0pn7e4y,2022-06-08T16:04:09Z,989.0,989.0,kj9egwv8,Afrodafro,Norway,N64,Yes
376,yv8003em,372,https://www.speedrun.com/sm64/run/yv8003em,2023-02-06T05:40:39Z,989.0,989.0,8l0d1v78,inosaki,Japan,N64,Yes
377,jy9pxnm4,372,https://www.speedrun.com/sm64/run/jy9pxnm4,,989.0,989.0,,,,N64,No
378,8m70e39y,379,https://www.speedrun.com/sm64/run/8m70e39y,2016-06-25T15:45:30Z,990.0,990.0,e8e6k12j,kumasyatyou,Japan,N64,No
379,m36q5lgm,379,https://www.speedrun.com/sm64/run/m36q5lgm,2022-02-02T14:19:04Z,990.0,990.0,48g23pyj,galapagos,Japan,N64,Yes
380,yw60060m,379,https://www.speedrun.com/sm64/run/yw60060m,2022-08-20T16:53:29Z,990.0,990.0,xz79p1nj,tanepota,Japan,N64,Yes
381,m3qq6vgy,379,https://www.speedrun.com/sm64/run/m3qq6vgy,2023-07-12T03:03:43Z,990.0,990.0,zx7gkrx7,alaris,United States,N64,Yes
382,y9k4dr2z,379,https://www.speedrun.com/sm64/run/y9k4dr2z,2024-02-10T19:56:25Z,990.0,990.0,qjo0ge7j,millacks,Ireland,VC,Yes
383,yjoxj43z,379,https://www.speedrun.com/sm64/run/yjoxj43z,2024-04-06T12:01:01Z,990.0,990.0,j9royowj,Happyzombie33,China,EMU,Yes
384,zp990xnm,385,https://www.speedrun.com/sm64/run/zp990xnm,2022-05-28T15:47:52Z,991.0,991.0,dx307r6x,NicV,United States,N64,Yes
385,z1plr4rz,385,https://www.speedrun.com/sm64/run/z1plr4rz,2022-06-13T21:28:41Z,991.0,991.0,86vvqv0j,Dillarune,Indonesia,EMU,Yes
386,meeg683m,385,https://www.speedrun.com/sm64/run/meeg683m,2023-03-05T19:16:26Z,991.0,991.0,j0nkyew8,Alemonster,United States,EMU,Yes
387,wzp1vg8z,388,https://www.speedrun.com/sm64/run/wzp1vg8z,2015-11-05T23:38:03Z,992.0,992.0,,,,N64,Yes
388,mr87lq2y,388,https://www.speedrun.com/sm64/run/mr87lq2y,2018-10-26T15:43:15Z,992.0,992.0,v8ly2mrj,sMicah,United States,N64,No
389,me3ke72z,388,https://www.speedrun.com/sm64/run/me3ke72z,2022-04-11T21:15:03Z,992.0,992.0,8l4kpv7j,dominatorj,United States,EMU,Yes
390,yld331km,388,https://www.speedrun.com/sm64/run/yld331km,2024-02-12T12:54:06Z,992.0,992.0,8l3rw0v8,GHDEVIL666,Netherlands,EMU,Yes
391,zp8jqwgy,392,https://www.speedrun.com/sm64/run/zp8jqwgy,2021-11-18T16:58:36Z,993.0,993.0,qjo5lrl8,SaltAndGinger,Jersey,EMU,Yes
392,y88nr3dy,392,https://www.speedrun.com/sm64/run/y88nr3dy,2022-07-10T07:08:09Z,993.0,993.0,qxkovr28,zach,United States,N64,Yes
393,ywklo4py,394,https://www.speedrun.com/sm64/run/ywklo4py,2021-11-28T17:26:43Z,994.0,994.0,zxznlrrx,BobToad,United States,N64,Yes
394,mrogkd2m,394,https://www.speedrun.com/sm64/run/mrogkd2m,2023-04-11T02:47:24Z,994.0,994.0,xko59n68,FleetingAzure,United States,N64,Yes
395,ywrq620m,394,https://www.speedrun.com/sm64/run/ywrq620m,2023-06-11T00:01:00Z,994.0,994.0,8rlr3pg8,siggyscorp,United States,N64,Yes
396,zq4gv38m,397,https://www.speedrun.com/sm64/run/zq4gv38m,2020-10-20T11:08:35Z,995.0,995.0,98r1n2qj,Nanashi745,Japan,N64,Yes
397,zgdxjlnz,397,https://www.speedrun.com/sm64/run/zgdxjlnz,2022-01-04T09:22:14Z,995.0,995.0,5j594e6x,peta,Japan,N64,Yes
398,7ylp5rmp,399,https://www.speedrun.com/sm64/run/7ylp5rmp,,996.0,996.0,,,,VC,Yes
399,yokoqj7z,399,https://www.speedrun.com/sm64/run/yokoqj7z,2020-07-07T07:57:16Z,996.0,996.0,v81eydrj,Minelover,United States,EMU,Yes
400,z1oddp7m,399,https://www.speedrun.com/sm64/run/z1oddp7m,2020-09-04T22:29:29Z,996.0,996.0,0jml7y81,Spec3x,Brazil,N64,Yes
401,m7d3dw9m,399,https://www.speedrun.com/sm64/run/m7d3dw9m,2021-06-14T02:06:30Z,996.0,996.0,0jmvr1yj,Lusion,United States,EMU,No
402,me40jk9y,399,https://www.speedrun.com/sm64/run/me40jk9y,2021-10-04T02:45:44Z,996.0,996.0,1xy1oozx,ringo792,United States,N64,Yes
403,yo65x7dy,399,https://www.speedrun.com/sm64/run/yo65x7dy,2021-11-04T23:08:39Z,996.0,996.0,qxk3o980,nindiddeh,United States,N64,Yes
404,zxn1g5qm,399,https://www.speedrun.com/sm64/run/zxn1g5qm,2023-04-11T23:07:44Z,996.0,996.0,qj2ol5px,mrlink2k,United States,EMU,Yes
405,z5k0j2gz,399,https://www.speedrun.com/sm64/run/z5k0j2gz,2023-10-15T13:00:46Z,996.0,996.0,8r7zwndj,Ayushman4321,India,EMU,Yes
406,y8wopldy,399,https://www.speedrun.com/sm64/run/y8wopldy,2024-05-28T07:14:11Z,996.0,996.0,x77dy6qx,symplicial,United States,N64,Yes
407,zq6kde5y,408,https://www.speedrun.com/sm64/run/zq6kde5y,2017-04-11T23:55:45Z,997.0,997.0,98rlnn38,Retrohime,France,EMU,No
408,y23wx69m,408,https://www.speedrun.com/sm64/run/y23wx69m,2018-01-28T20:18:10Z,997.0,997.0,1xyo4enj,chlidlunk,France,VC,Yes
409,zgr936em,408,https://www.speedrun.com/sm64/run/zgr936em,2021-11-01T02:24:13Z,997.0,997.0,j2yqw2p8,NurseJoyDivision,United States,N64,No
410,y20xeqjm,408,https://www.speedrun.com/sm64/run/y20xeqjm,2022-01-07T03:07:54Z,997.0,997.0,86nrm5qx,taylor3311,Japan,N64,Yes
411,emkod5z6,412,https://www.speedrun.com/sm64/run/emkod5z6,,998.0,998.0,,,,N64,Yes
412,jy99g6vy,412,https://www.speedrun.com/sm64/run/jy99g6vy,2015-11-05T23:41:47Z,998.0,998.0,,,,N64,Yes
413,7yll9q3y,412,https://www.speedrun.com/sm64/run/7yll9q3y,2016-07-07T05:50:47Z,998.0,998.0,18qnw78n,Mese,Japan,N64,Yes
414,z0eqpljm,412,https://www.speedrun.com/sm64/run/z0eqpljm,2018-01-30T04:46:24Z,998.0,998.0,68wegq8g,Custom,Canada,N64,Yes
415,y89j4j5m,412,https://www.speedrun.com/sm64/run/y89j4j5m,2018-10-15T17:19:39Z,998.0,998.0,18v5wy2j,Chreymd,Germany,N64,Yes
416,yddek40y,412,https://www.speedrun.com/sm64/run/yddek40y,2022-05-23T00:52:21Z,998.0,998.0,jo3vlelj,Edwulf,United States,N64,Yes
417,y4owjnkz,412,https://www.speedrun.com/sm64/run/y4owjnkz,2023-05-25T01:45:27Z,998.0,998.0,zxzqrw4x,cdragoneer,United States,N64,Yes
418,m3qq5n4y,412,https://www.speedrun.com/sm64/run/m3qq5n4y,2023-07-11T00:53:59Z,998.0,998.0,j0nv6wm8,shikibi_hiiro,Japan,N64,Yes
419,z5kgkpnz,412,https://www.speedrun.com/sm64/run/z5kgkpnz,2023-12-31T03:51:56Z,998.0,998.0,xyrwkqwj,Yudalol,Canada,N64,Yes
420,m3096vqm,412,https://www.speedrun.com/sm64/run/m3096vqm,2024-02-15T00:25:29Z,998.0,998.0,xyovelwj,LiamPlayZelda,United States,VC,Yes
421,y228d8jy,412,https://www.speedrun.com/sm64/run/y228d8jy,2024-05-31T19:50:36Z,998.0,998.0,8dpn5mg8,tiles_,Ireland,EMU,Yes
422,zx4erv5y,423,https://www.speedrun.com/sm64/run/zx4erv5y,2019-05-13T04:36:58Z,999.0,999.0,1xyky4n8,thags15,United States,N64,Yes
423,y48nw33m,423,https://www.speedrun.com/sm64/run/y48nw33m,2022-02-28T01:39:57Z,999.0,999.0,x7qzy3r8,Alienh,Italy,EMU,Yes
424,yl7qq32m,423,https://www.speedrun.com/sm64/run/yl7qq32m,2022-05-14T20:56:13Z,999.0,999.0,j0ne9748,Hypodeck,Spain,EMU,Yes
425,y88x94ny,423,https://www.speedrun.com/sm64/run/y88x94ny,2022-06-02T16:17:39Z,999.0,999.0,e8ewrz78,ariapath,Australia,EMU,Yes
426,y88ow81y,423,https://www.speedrun.com/sm64/run/y88ow81y,2022-07-03T16:18:11Z,999.0,999.0,18qk2m78,DentoriousRed,United States,N64,Yes
427,yod01ojm,423,https://www.speedrun.com/sm64/run/yod01ojm,2022-10-05T08:17:06Z,999.0,999.0,98rp933j,BobTheDonkey_,Canada,N64,Yes
428,1zxj88yx,423,https://www.speedrun.com/sm64/run/1zxj88yx,,999.0,999.0,,,,N64,No
429,pzgj9dz2,430,https://www.speedrun.com/sm64/run/pzgj9dz2,,1000.0,1000.0,,,,VC,Yes
430,m3d36vqz,430,https://www.speedrun.com/sm64/run/m3d36vqz,2017-10-22T03:15:39Z,1000.0,1000.0,48gmn28p,Dungeonfire,Germany,EMU,Yes
431,yl97723y,430,https://www.speedrun.com/sm64/run/yl97723y,2017-10-22T18:46:29Z,1000.0,1000.0,kjppl92j,quiilucru,,N64,No
432,y4gpenny,430,https://www.speedrun.com/sm64/run/y4gpenny,2023-04-17T22:59:30Z,1000.0,1000.0,8geyv5pj,JakeMorris,United States,N64,Yes
433,m3qwq96y,430,https://www.speedrun.com/sm64/run/m3qwq96y,2023-08-01T02:19:22Z,1000.0,1000.0,8r7m4ldj,itsbeeve,United States,N64,Yes
434,m7nlno4z,430,https://www.speedrun.com/sm64/run/m7nlno4z,2024-06-03T06:10:42Z,1000.0,1000.0,8647vrqj,radrick,United States,EMU,Yes
435,8m7exwz0,436,https://www.speedrun.com/sm64/run/8m7exwz0,2023-11-25T03:37:10Z,1001.0,1001.0,,,,N64,No
436,mk9gppxz,436,https://www.speedrun.com/sm64/run/mk9gppxz,2018-09-12T02:30:03Z,1001.0,1001.0,98r5d3wx,dinkyslinky,Norway,EMU,Yes
437,y43n2wqz,436,https://www.speedrun.com/sm64/run/y43n2wqz,2019-02-20T16:18:22Z,1001.0,1001.0,y8d4dk58,SomeBro,United States,EMU,Yes
438,m3n175qy,436,https://www.speedrun.com/sm64/run/m3n175qy,2021-01-24T06:07:32Z,1001.0,1001.0,8l0oq578,fireblazethem,United States,EMU,No
439,zq9ngv1y,436,https://www.speedrun.com/sm64/run/zq9ngv1y,2022-11-02T17:14:39Z,1001.0,1001.0,j2y14d78,fchaboom,Saint Vincent,EMU,Yes
440,ylnj67rz,436,https://www.speedrun.com/sm64/run/ylnj67rz,2023-03-19T15:49:54Z,1001.0,1001.0,jpr2nv28,Ilkkuplayer3,Finland,EMU,Yes
441,z0xqqg9z,436,https://www.speedrun.com/sm64/run/z0xqqg9z,2023-12-31T19:08:42Z,1001.0,1001.0,v8l19zrj,HeyItsGMan,United States,VC,Yes
442,y6v031jm,436,https://www.speedrun.com/sm64/run/y6v031jm,2024-04-12T23:53:15Z,1001.0,1001.0,j46e0qd8,Hunt3r101,Canada,N64,Yes
443,0zngkvmn,444,https://www.speedrun.com/sm64/run/0zngkvmn,,1002.0,1002.0,o86neqxz,game_complete,Uganda,EMU,Yes
444,0znv299m,444,https://www.speedrun.com/sm64/run/0znv299m,2016-06-22T18:00:25Z,1002.0,1002.0,v8l6lv8m,SteveMassey,United States,N64,Yes
445,mr85gv8y,444,https://www.speedrun.com/sm64/run/mr85gv8y,2019-03-16T09:48:32Z,1002.0,1002.0,kjpy4l2j,El_Dorado,Japan,N64,Yes
446,zgk5jdjy,444,https://www.speedrun.com/sm64/run/zgk5jdjy,2020-03-10T22:17:13Z,1002.0,1002.0,e8en3w68,OfficialFern,Puerto Rico,EMU,No
447,zp1n64xz,444,https://www.speedrun.com/sm64/run/zp1n64xz,2021-04-11T23:43:20Z,1002.0,1002.0,68wd3zvx,RickyelPortu,Portugal,EMU,Yes
448,me4v3p3y,444,https://www.speedrun.com/sm64/run/me4v3p3y,2021-07-25T23:44:01Z,1002.0,1002.0,j92d5kn8,DertoloSBC,Chile,EMU,Yes
449,y2j4x8wz,444,https://www.speedrun.com/sm64/run/y2j4x8wz,2023-04-06T02:23:55Z,1002.0,1002.0,o863w4w8,eddiecatgaming,United States,VC,Yes
450,y91oxdkm,451,https://www.speedrun.com/sm64/run/y91oxdkm,2020-09-08T00:13:08Z,1003.0,1003.0,48goorxp,RetroRuns,England,N64,Yes
451,mkvx7kly,451,https://www.speedrun.com/sm64/run/mkvx7kly,2023-03-30T00:46:15Z,1003.0,1003.0,j5w5y66j,T3Blitz,Canada,N64,Yes
452,y626oxjz,451,https://www.speedrun.com/sm64/run/y626oxjz,2023-06-05T01:24:55Z,1003.0,1003.0,xz9o5508,octave_6,United States,EMU,Yes
453,y98jnlez,451,https://www.speedrun.com/sm64/run/y98jnlez,2023-07-21T00:11:48Z,1003.0,1003.0,816nqwqx,Zaikenator,United States,N64,Yes
454,zge1850y,451,https://www.speedrun.com/sm64/run/zge1850y,2023-08-17T12:18:36Z,1003.0,1003.0,7j42o5x1,Sny8,France,EMU,Yes
455,zxw741gm,451,https://www.speedrun.com/sm64/run/zxw741gm,2023-11-14T23:36:09Z,1003.0,1003.0,8rlv5m38,LoadsOfLight,United States,EMU,Yes
456,mrv0dr7z,451,https://www.speedrun.com/sm64/run/mrv0dr7z,2024-05-28T19:15:13Z,1003.0,1003.0,8r2ngoqx,reallifebutters,United States,N64,Yes
457,7z0j22jy,458,https://www.speedrun.com/sm64/run/7z0j22jy,2016-06-30T00:39:50Z,1004.0,1004.0,,,,EMU,No
458,7yl62ery,458,https://www.speedrun.com/sm64/run/7yl62ery,2016-06-29T16:31:30Z,1004.0,1004.0,,,,N64,No
459,znqk937z,458,https://www.speedrun.com/sm64/run/znqk937z,2022-08-15T01:04:42Z,1004.0,1004.0,98rv2rdj,Perna64,United States,N64,Yes
460,zxnol68m,458,https://www.speedrun.com/sm64/run/zxnol68m,2023-01-20T01:27:21Z,1004.0,1004.0,8rpwpnqj,xInf3rn0,United States,N64,Yes
461,zglggdnm,458,https://www.speedrun.com/sm64/run/zglggdnm,2024-03-27T03:08:14Z,1004.0,1004.0,8gem1r1j,Flank64,United States,N64,Yes
462,m30rwwqm,458,https://www.speedrun.com/sm64/run/m30rwwqm,2024-03-29T18:44:16Z,1004.0,1004.0,0jmz9k4x,Romain,France,EMU,Yes
463,8m7dj20m,464,https://www.speedrun.com/sm64/run/8m7dj20m,2015-11-05T23:47:10Z,1005.0,1005.0,v48g37xp,JustinDT,Québec,N64,Yes
464,yvgdn28y,464,https://www.speedrun.com/sm64/run/yvgdn28y,2018-04-30T16:10:55Z,1005.0,1005.0,18vr2m5x,GameShark,Netherlands,N64,Yes
465,yj1r3wgy,464,https://www.speedrun.com/sm64/run/yj1r3wgy,2021-03-25T22:07:32Z,1005.0,1005.0,814p7wl8,Boxset,Canada,EMU,Yes
466,y6d708pm,464,https://www.speedrun.com/sm64/run/y6d708pm,2021-04-15T05:28:08Z,1005.0,1005.0,18qm95dx,PsioNick,United States,N64,Yes
467,m7do7owm,464,https://www.speedrun.com/sm64/run/m7do7owm,2021-06-20T01:09:25Z,1005.0,1005.0,8rpl1gwj,LargeBock,United States,N64,Yes
468,yoropo5y,464,https://www.speedrun.com/sm64/run/yoropo5y,2022-02-08T13:27:41Z,1005.0,1005.0,j9r9lgwj,HerShe,Nepal,EMU,No
469,zn7ev4lm,464,https://www.speedrun.com/sm64/run/zn7ev4lm,2022-02-09T02:49:33Z,1005.0,1005.0,98r5nd3x,3l3tric,United States,N64,Yes
470,me3k49qz,464,https://www.speedrun.com/sm64/run/me3k49qz,2022-04-10T20:28:38Z,1005.0,1005.0,8rprrndj,N8rBeans,United States,N64,Yes
471,y98n3n2z,464,https://www.speedrun.com/sm64/run/y98n3n2z,2023-06-04T01:00:04Z,1005.0,1005.0,jp6kvv58,Swikan,Switzerland,EMU,Yes
472,yj2d0qnm,464,https://www.speedrun.com/sm64/run/yj2d0qnm,2023-07-04T23:21:24Z,1005.0,1005.0,0jmn1vnx,Mennismonk,England,N64,Yes
473,zgejw1ny,464,https://www.speedrun.com/sm64/run/zgejw1ny,2023-07-30T08:30:46Z,1005.0,1005.0,8v2p7gnj,hotdwgboy,United States,EMU,Yes
474,yvpdxpoy,464,https://www.speedrun.com/sm64/run/yvpdxpoy,2023-08-29T07:55:59Z,1005.0,1005.0,8dw9onoj,JoeyBagODonuts,United States,EMU,Yes
475,m730169y,464,https://www.speedrun.com/sm64/run/m730169y,2023-12-06T06:56:14Z,1005.0,1005.0,x3m75r68,BenYork36,United States,EMU,Yes
476,y4ko9pnm,464,https://www.speedrun.com/sm64/run/y4ko9pnm,2023-12-06T14:06:05Z,1005.0,1005.0,e8e23628,flow,Brazil,EMU,Yes
477,yld1de2m,464,https://www.speedrun.com/sm64/run/yld1de2m,2024-04-22T21:23:14Z,1005.0,1005.0,j52mydgj,txsomb,United States,N64,Yes
478,yldpx1km,464,https://www.speedrun.com/sm64/run/yldpx1km,2024-05-28T04:06:51Z,1005.0,1005.0,8ge47mrj,bugofcake,England,N64,Yes
479,z1x0eorm,480,https://www.speedrun.com/sm64/run/z1x0eorm,2021-11-12T02:48:42Z,1006.0,1006.0,zxz9n948,tayyip,,EMU,Yes
480,me45jn9y,480,https://www.speedrun.com/sm64/run/me45jn9y,2021-11-14T16:37:31Z,1006.0,1006.0,8v55qvej,Lucinovic,Netherlands,N64,Yes
481,z123329y,480,https://www.speedrun.com/sm64/run/z123329y,2021-12-05T20:01:53Z,1006.0,1006.0,8ge9k0rj,ryompt,United States,N64,Yes
482,ydwnxd0m,480,https://www.speedrun.com/sm64/run/ydwnxd0m,2022-02-16T08:50:55Z,1006.0,1006.0,xy54r2y8,benwms,United States,N64,Yes
483,zpdn9nxz,480,https://www.speedrun.com/sm64/run/zpdn9nxz,2022-07-30T05:30:14Z,1006.0,1006.0,8qrldp7j,Amahumahaba,United States,N64,Yes
484,mror3w2m,480,https://www.speedrun.com/sm64/run/mror3w2m,2023-02-09T08:58:55Z,1006.0,1006.0,8g547vyj,RealPrimeSub,United States,EMU,Yes
485,y4kwnpkm,480,https://www.speedrun.com/sm64/run/y4kwnpkm,2023-10-06T09:24:35Z,1006.0,1006.0,j067dn4j,miakhalifaisoverrated,United States,N64,Yes
486,z0xvlqjz,480,https://www.speedrun.com/sm64/run/z0xvlqjz,2024-02-09T14:46:02Z,1006.0,1006.0,8l4vq1lj,Step735,Italy,EMU,Yes
487,1zq298zl,480,https://www.speedrun.com/sm64/run/1zq298zl,,1006.0,1006.0,y8d4po86,Toufool,United States,N64,No
488,0y62vk1z,489,https://www.speedrun.com/sm64/run/0y62vk1z,2016-06-22T22:59:38Z,1007.0,1007.0,kj96o2nj,bluntslide42,United States,VC,Yes
489,zx4wkl8y,489,https://www.speedrun.com/sm64/run/zx4wkl8y,2018-12-25T03:05:01Z,1007.0,1007.0,5j5r396x,YUKING,Japan,N64,Yes
490,mex84x8z,489,https://www.speedrun.com/sm64/run/mex84x8z,2019-06-15T21:42:37Z,1007.0,1007.0,kj9k01o8,MisterGuy_,United States,N64,Yes
491,z095d8ez,489,https://www.speedrun.com/sm64/run/z095d8ez,2020-10-09T18:02:04Z,1007.0,1007.0,zx71l0yx,timmy94,Germany,EMU,Yes
492,m3gr3e6z,489,https://www.speedrun.com/sm64/run/m3gr3e6z,2020-10-27T03:42:26Z,1007.0,1007.0,dx32ywkj,Doopssb,Mexico,VC,Yes
493,yvoqe8ez,489,https://www.speedrun.com/sm64/run/yvoqe8ez,2021-09-08T21:31:50Z,1007.0,1007.0,zxzwp44x,DesVoador,Brazil,EMU,Yes
494,y9l59vvy,489,https://www.speedrun.com/sm64/run/y9l59vvy,2021-12-19T16:15:23Z,1007.0,1007.0,qxk241kx,Heyzeus,United States,N64,Yes
495,z1pnvk9z,489,https://www.speedrun.com/sm64/run/z1pnvk9z,2022-06-29T10:48:26Z,1007.0,1007.0,v817vn58,Imwaytopunny,Canada,N64,Yes
496,mro82l4m,489,https://www.speedrun.com/sm64/run/mro82l4m,2022-12-14T12:27:18Z,1007.0,1007.0,8wlq1rzj,Pig_,United States,EMU,Yes
497,z0n79wjm,489,https://www.speedrun.com/sm64/run/z0n79wjm,2023-01-19T01:32:59Z,1007.0,1007.0,81qg7ylj,ZachTunes,United States,N64,Yes
498,z1k9159y,489,https://www.speedrun.com/sm64/run/z1k9159y,2023-12-21T18:50:16Z,1007.0,1007.0,8looznr8,highfructoseCS,Canada,EMU,Yes
499,7z08l8m5,500,https://www.speedrun.com/sm64/run/7z08l8m5,,1008.0,1008.0,,,,N64,No
500,yw41wq2z,500,https://www.speedrun.com/sm64/run/yw41wq2z,2019-06-08T09:10:32Z,1008.0,1008.0,o86wzyqx,squidbird,United States,N64,No
501,y2gv1g9z,500,https://www.speedrun.com/sm64/run/y2gv1g9z,2023-06-02T20:37:31Z,1008.0,1008.0,pj0zz298,BeastAssassin67,United States,N64,Yes
502,y958pxez,500,https://www.speedrun.com/sm64/run/y958pxez,2019-11-22T20:11:40Z,1008.0,1008.0,y8d0grgx,osum,England,N64,Yes
503,oy2newyd,500,https://www.speedrun.com/sm64/run/oy2newyd,,1008.0,1008.0,xz9k6ye8,Rorotto,Japan,N64,No
504,m3r4q6gm,500,https://www.speedrun.com/sm64/run/m3r4q6gm,2021-07-12T08:11:16Z,1008.0,1008.0,zx7q6o68,Ipsterz,Scotland,VC,Yes
505,z0oe158z,500,https://www.speedrun.com/sm64/run/z0oe158z,2021-12-06T04:45:33Z,1008.0,1008.0,kjp9nvk8,fazerlazer80,United States,N64,Yes
506,zxldojez,500,https://www.speedrun.com/sm64/run/zxldojez,2021-12-29T01:24:35Z,1008.0,1008.0,j4q2o15x,QuinnlanEliason,United States,VC,Yes
507,ydj4q1qy,500,https://www.speedrun.com/sm64/run/ydj4q1qy,2023-08-03T19:45:53Z,1008.0,1008.0,xyovdowj,Drainsow,Germany,EMU,Yes
508,me0kg40z,500,https://www.speedrun.com/sm64/run/me0kg40z,2023-09-16T08:42:39Z,1008.0,1008.0,8q5zw5w8,W10s,Japan,N64,Yes
509,zppl7xvz,500,https://www.speedrun.com/sm64/run/zppl7xvz,2023-10-14T09:49:23Z,1008.0,1008.0,8g5y1krj,vueko,Canada,EMU,Yes
510,ywgq8r0z,500,https://www.speedrun.com/sm64/run/ywgq8r0z,2024-03-26T14:23:07Z,1008.0,1008.0,98rp5mwj,chipi,Australia,EMU,Yes
